2026-05-06 17:29:26,279 [INFO] Activator:176 - 


2026-05-06 17:29:26,283 [INFO] Activator:177 - !SESSION log4j initialized
2026-05-06 17:29:32,183 [INFO] LogOutputStream:77 - [STDOUT_REDIRECT] 
2026-05-06 17:29:42,289 [INFO] ApplicationProperties:184 - Using Application install path: D:\ST\STM32CubeIDE_1.18.0\STM32CubeIDE\plugins\com.st.stm32cube.common.mx_6.14.0.202502271554
2026-05-06 17:29:42,308 [INFO] DbMcusXml:78 - Set database path to: D:\ST\STM32CubeIDE_1.18.0\STM32CubeIDE\plugins\com.st.stm32cube.common.mx_6.14.0.202502271554\\db\/mcu/
2026-05-06 17:29:42,309 [INFO] ApiDb:274 - Set plugin database path to: D:\ST\STM32CubeIDE_1.18.0\STM32CubeIDE\plugins\com.st.stm32cube.common.mx_6.14.0.202502271554\\db\/plugins/boardmanager/
2026-05-06 17:29:42,309 [WARN] ApiDb:259 - Overriding images path with different value:  => D:\ST\STM32CubeIDE_1.18.0\STM32CubeIDE\plugins\com.st.stm32cube.common.mx_6.14.0.202502271554\\db\/plugins/mcufinder/images/
2026-05-06 17:29:42,324 [INFO] ApiDb:250 - Set database path to: C:\Users\JH\.stmcufinder\plugins\mcufinder//mcu/
2026-05-06 17:29:42,325 [INFO] DbMcusAds:125 - Set database path to: C:\Users\JH\.stmcufinder\plugins\mcufinder//mcu/
2026-05-06 17:29:42,329 [INFO] CrossReferenceDbSqlite:203 - Set database path to: C:\Users\JH\.stmcufinder\plugins\mcufinder//mcu/cs/
2026-05-06 17:29:42,446 [INFO] RulesReader:64 - Compatibility file has been processed (301 Rules)
2026-05-06 17:29:42,525 [INFO] DbMcusXml:78 - Set database path to: D:\ST\STM32CubeIDE_1.18.0\STM32CubeIDE\plugins\com.st.stm32cube.common.mx_6.14.0.202502271554\\db\/mcu/
2026-05-06 17:29:42,526 [INFO] ApiDb:274 - Set plugin database path to: D:\ST\STM32CubeIDE_1.18.0\STM32CubeIDE\plugins\com.st.stm32cube.common.mx_6.14.0.202502271554\\db\/plugins/boardmanager/
2026-05-06 17:29:42,526 [INFO] ApiDb:261 - Set plugin images path to: D:\ST\STM32CubeIDE_1.18.0\STM32CubeIDE\plugins\com.st.stm32cube.common.mx_6.14.0.202502271554\\db\/plugins/mcufinder/images/
2026-05-06 17:29:42,526 [WARN] DbFile:41 - Overriding database path with different value: C:\Users\JH\.stmcufinder\plugins\mcufinder/ => C:\Users\JH\.stmcufinder\plugins\mcufinder
2026-05-06 17:29:42,526 [INFO] ApiDb:250 - Set database path to: C:\Users\JH\.stmcufinder\plugins\mcufinder//mcu/
2026-05-06 17:29:42,526 [WARN] DbFile:41 - Overriding database path with different value: C:\Users\JH\.stmcufinder\plugins\mcufinder/ => C:\Users\JH\.stmcufinder\plugins\mcufinder
2026-05-06 17:29:42,526 [INFO] DbMcusAds:125 - Set database path to: C:\Users\JH\.stmcufinder\plugins\mcufinder//mcu/
2026-05-06 17:29:42,526 [WARN] DbFile:41 - Overriding database path with different value: C:\Users\JH\.stmcufinder\plugins\mcufinder/ => C:\Users\JH\.stmcufinder\plugins\mcufinder
2026-05-06 17:29:42,526 [WARN] DbFile:41 - Overriding database path with different value: C:\Users\JH\.stmcufinder\plugins\mcufinder/ => C:\Users\JH\.stmcufinder\plugins\mcufinder
2026-05-06 17:29:42,526 [INFO] CrossReferenceDbSqlite:203 - Set database path to: C:\Users\JH\.stmcufinder\plugins\mcufinder//mcu/cs/
2026-05-06 17:29:42,615 [INFO] MainPanel:272 - HeapMemory: 268435456
2026-05-06 17:29:42,748 [INFO] DbMcusXml:78 - Set database path to: D:\ST\STM32CubeIDE_1.18.0\STM32CubeIDE\plugins\com.st.stm32cube.common.mx_6.14.0.202502271554\\db\/mcu/
2026-05-06 17:29:42,748 [INFO] ApiDb:274 - Set plugin database path to: D:\ST\STM32CubeIDE_1.18.0\STM32CubeIDE\plugins\com.st.stm32cube.common.mx_6.14.0.202502271554\\db\/plugins/boardmanager/
2026-05-06 17:29:42,748 [INFO] ApiDb:261 - Set plugin images path to: D:\ST\STM32CubeIDE_1.18.0\STM32CubeIDE\plugins\com.st.stm32cube.common.mx_6.14.0.202502271554\\db\/plugins/mcufinder/images/
2026-05-06 17:29:42,748 [WARN] DbFile:41 - Overriding database path with different value: C:\Users\JH\.stmcufinder\plugins\mcufinder/ => C:\Users\JH\.stmcufinder\plugins\mcufinder
2026-05-06 17:29:42,748 [INFO] ApiDb:250 - Set database path to: C:\Users\JH\.stmcufinder\plugins\mcufinder//mcu/
2026-05-06 17:29:42,748 [WARN] DbFile:41 - Overriding database path with different value: C:\Users\JH\.stmcufinder\plugins\mcufinder/ => C:\Users\JH\.stmcufinder\plugins\mcufinder
2026-05-06 17:29:42,748 [INFO] DbMcusAds:125 - Set database path to: C:\Users\JH\.stmcufinder\plugins\mcufinder//mcu/
2026-05-06 17:29:42,748 [WARN] DbFile:41 - Overriding database path with different value: C:\Users\JH\.stmcufinder\plugins\mcufinder/ => C:\Users\JH\.stmcufinder\plugins\mcufinder
2026-05-06 17:29:42,748 [WARN] DbFile:41 - Overriding database path with different value: C:\Users\JH\.stmcufinder\plugins\mcufinder/ => C:\Users\JH\.stmcufinder\plugins\mcufinder
2026-05-06 17:29:42,775 [INFO] CrossReferenceDbSqlite:203 - Set database path to: C:\Users\JH\.stmcufinder\plugins\mcufinder//mcu/cs/
2026-05-06 17:29:42,802 [INFO] ApplicationProperties:184 - Using Application install path: D:\ST\STM32CubeIDE_1.18.0\STM32CubeIDE\plugins\com.st.stm32cube.common.mx_6.14.0.202502271554
2026-05-06 17:29:42,805 [INFO] PluginManage:196 - Search for loadable plugins [exclusion list=, ]
2026-05-06 17:29:42,806 [INFO] PluginManage:310 - Check plugin analytics
2026-05-06 17:29:52,072 [INFO] AnalyticsPlugin:253 - Accepted Software Licenses: 
2026-05-06 17:29:52,072 [INFO] AnalyticsPlugin:255 - Accepted CMSIS Pack Licenses: 
2026-05-06 17:29:52,072 [INFO] AnalyticsPlugin:257 - Accepted Firmware Licenses: FW.L4.1.18.0
2026-05-06 17:29:52,075 [INFO] PluginManage:359 - Loaded plugin analytics (category:tool,tabindex:-1)
2026-05-06 17:29:52,075 [INFO] PluginManage:310 - Check plugin cadmodel
2026-05-06 17:29:52,092 [INFO] CADModel:105 - Init CAD model plugin
2026-05-06 17:29:52,092 [INFO] PluginManage:359 - Loaded plugin cadmodel (category:power,tabindex:5)
2026-05-06 17:29:52,092 [INFO] PluginManage:310 - Check plugin clock
2026-05-06 17:29:52,112 [INFO] PluginManage:359 - Loaded plugin clock (category:base,tabindex:2)
2026-05-06 17:29:52,112 [INFO] PluginManage:310 - Check plugin ddr
2026-05-06 17:29:52,115 [INFO] PluginManage:359 - Loaded plugin ddr (category:tool,tabindex:6)
2026-05-06 17:29:52,115 [INFO] PluginManage:310 - Check plugin filemanager
2026-05-06 17:29:52,280 [INFO] PluginManage:359 - Loaded plugin filemanager (category:base,tabindex:10)
2026-05-06 17:29:52,280 [INFO] PluginManage:310 - Check plugin ipmanager
2026-05-06 17:29:52,297 [INFO] PluginManage:359 - Loaded plugin ipmanager (category:base,tabindex:5)
2026-05-06 17:29:52,297 [INFO] PluginManage:310 - Check plugin lpbam
2026-05-06 17:29:52,317 [INFO] PluginManage:359 - Loaded plugin lpbam (category:base,tabindex:0)
2026-05-06 17:29:52,317 [INFO] PluginManage:310 - Check plugin memorymap
2026-05-06 17:29:52,340 [INFO] PluginManage:359 - Loaded plugin memorymap (category:base,tabindex:4)
2026-05-06 17:29:52,340 [INFO] PluginManage:310 - Check plugin pinoutandconfiguration
2026-05-06 17:29:52,355 [INFO] PluginManage:359 - Loaded plugin pinoutandconfiguration (category:base,tabindex:1)
2026-05-06 17:29:52,355 [INFO] PluginManage:310 - Check plugin pinoutconfig
2026-05-06 17:29:52,446 [WARN] SupportedApi:132 - Cannot load RTOS API schema: s4s-elt-must-match.1: The content of 'definitions' must match (annotation?, (simpleType | complexType)?, (unique | key | keyref)*)). A problem was found starting at: attribute.
2026-05-06 17:29:52,573 [INFO] PluginManage:359 - Loaded plugin pinoutconfig (category:base,tabindex:0)
2026-05-06 17:29:52,573 [INFO] PluginManage:310 - Check plugin power
2026-05-06 17:29:52,592 [INFO] PluginManage:359 - Loaded plugin power (category:power,tabindex:4)
2026-05-06 17:29:52,592 [INFO] PluginManage:310 - Check plugin projectmanager
2026-05-06 17:29:52,611 [INFO] PluginManage:359 - Loaded plugin projectmanager (category:projectmanager,tabindex:4)
2026-05-06 17:29:52,611 [INFO] PluginManage:310 - Check plugin rif
2026-05-06 17:29:52,633 [INFO] PluginManage:359 - Loaded plugin rif (category:base,tabindex:3)
2026-05-06 17:29:52,633 [INFO] PluginManage:310 - Check plugin thirdparty
2026-05-06 17:29:52,949 [WARN] IntegrityCheckThread:84 - waiting for thirdparty lock release [integrity check]
2026-05-06 17:29:52,949 [INFO] IntegrityCheckThread:86 - entering critical section [integrity check]
2026-05-06 17:29:52,949 [INFO] PluginManage:359 - Loaded plugin thirdparty (category:base,tabindex:-1)
2026-05-06 17:29:52,949 [INFO] PluginManage:310 - Check plugin tools
2026-05-06 17:29:52,949 [INFO] ThirdPartyUpdaterWithRetryManager:70 - Updater plugin not ready yet. [1/15]
2026-05-06 17:29:52,985 [INFO] PluginManage:359 - Loaded plugin tools (category:base,tabindex:7)
2026-05-06 17:29:52,985 [INFO] PluginManage:310 - Check plugin tutovideos
2026-05-06 17:29:53,204 [INFO] PluginManage:359 - Loaded plugin tutovideos (category:base,tabindex:-1)
2026-05-06 17:29:53,204 [INFO] PluginManage:310 - Check plugin updater
2026-05-06 17:29:53,227 [INFO] PluginManage:359 - Loaded plugin updater (category:base,tabindex:12)
2026-05-06 17:29:53,227 [INFO] PluginManage:310 - Check plugin userauth
2026-05-06 17:29:53,231 [INFO] UserAuth:118 - Init User Auth plugin
2026-05-06 17:29:53,232 [INFO] PluginManage:359 - Loaded plugin userauth (category:base,tabindex:14)
2026-05-06 17:29:53,232 [INFO] PluginManage:283 - PluginManage : Loaded plugins [18]
2026-05-06 17:29:53,438 [INFO] PinOutPanel:1589 - setPackage(No Configuration,No Configuration)
2026-05-06 17:29:53,522 [INFO] CADModel:165 - CPN selected for project level
2026-05-06 17:29:53,522 [INFO] CADModel:114 - Register for checkConnection events
2026-05-06 17:29:53,548 [INFO] IPUIPlugin:80 - create IPUIPlugin
2026-05-06 17:29:53,548 [INFO] PluginManager:220 - loadIPPluginJar : add adc
2026-05-06 17:29:53,581 [INFO] IPUIPlugin:80 - create IPUIPlugin
2026-05-06 17:29:53,581 [INFO] PluginManager:220 - loadIPPluginJar : add aes
2026-05-06 17:29:53,625 [INFO] IPUIPlugin:80 - create IPUIPlugin
2026-05-06 17:29:53,626 [INFO] PluginManager:220 - loadIPPluginJar : add can
2026-05-06 17:29:53,659 [INFO] IPUIPlugin:80 - create IPUIPlugin
2026-05-06 17:29:53,659 [INFO] PluginManager:220 - loadIPPluginJar : add comp
2026-05-06 17:29:53,699 [INFO] IPUIPlugin:80 - create IPUIPlugin
2026-05-06 17:29:53,699 [INFO] PluginManager:220 - loadIPPluginJar : add cryp
2026-05-06 17:29:53,711 [INFO] IPUIPlugin:80 - create IPUIPlugin
2026-05-06 17:29:53,711 [INFO] PluginManager:220 - loadIPPluginJar : add ddr_ctrl_phy
2026-05-06 17:29:53,742 [INFO] IPUIPlugin:80 - create IPUIPlugin
2026-05-06 17:29:53,742 [INFO] PluginManager:220 - loadIPPluginJar : add dfsdm
2026-05-06 17:29:53,759 [INFO] IPUIPlugin:80 - create IPUIPlugin
2026-05-06 17:29:53,760 [INFO] PluginManager:220 - loadIPPluginJar : add dma
2026-05-06 17:29:53,798 [INFO] IPUIPlugin:80 - create IPUIPlugin
2026-05-06 17:29:53,798 [INFO] PluginManager:220 - loadIPPluginJar : add dma3
2026-05-06 17:29:53,848 [INFO] IPUIPlugin:80 - create IPUIPlugin
2026-05-06 17:29:53,848 [INFO] PluginManager:220 - loadIPPluginJar : add extmemmanager
2026-05-06 17:29:53,871 [INFO] IPUIPlugin:80 - create IPUIPlugin
2026-05-06 17:29:53,871 [INFO] PluginManager:220 - loadIPPluginJar : add fatfs
2026-05-06 17:29:53,930 [INFO] IPUIPlugin:80 - create IPUIPlugin
2026-05-06 17:29:53,931 [INFO] PluginManager:220 - loadIPPluginJar : add fmc
2026-05-06 17:29:53,945 [INFO] IPUIPlugin:80 - create IPUIPlugin
2026-05-06 17:29:53,945 [INFO] PluginManager:220 - loadIPPluginJar : add freertos
2026-05-06 17:29:53,965 [INFO] IPUIPlugin:80 - create IPUIPlugin
2026-05-06 17:29:53,965 [INFO] PluginManager:220 - loadIPPluginJar : add genericplugin
2026-05-06 17:29:54,080 [INFO] IPUIPlugin:80 - create IPUIPlugin
2026-05-06 17:29:54,080 [INFO] PluginManager:220 - loadIPPluginJar : add gfxmmu
2026-05-06 17:29:54,241 [INFO] IPUIPlugin:80 - create IPUIPlugin
2026-05-06 17:29:54,242 [INFO] PluginManager:220 - loadIPPluginJar : add gic
2026-05-06 17:29:54,259 [INFO] IPUIPlugin:80 - create IPUIPlugin
2026-05-06 17:29:54,259 [INFO] PluginManager:220 - loadIPPluginJar : add gpio
2026-05-06 17:29:54,366 [INFO] IPUIPlugin:80 - create IPUIPlugin
2026-05-06 17:29:54,366 [INFO] PluginManager:220 - loadIPPluginJar : add gtzc
2026-05-06 17:29:54,409 [INFO] IPUIPlugin:80 - create IPUIPlugin
2026-05-06 17:29:54,409 [INFO] PluginManager:220 - loadIPPluginJar : add hash
2026-05-06 17:29:54,466 [INFO] IPUIPlugin:80 - create IPUIPlugin
2026-05-06 17:29:54,467 [INFO] PluginManager:220 - loadIPPluginJar : add i2c
2026-05-06 17:29:54,504 [INFO] IPUIPlugin:80 - create IPUIPlugin
2026-05-06 17:29:54,504 [INFO] PluginManager:220 - loadIPPluginJar : add i2s
2026-05-06 17:29:54,541 [INFO] IPUIPlugin:80 - create IPUIPlugin
2026-05-06 17:29:54,541 [INFO] PluginManager:220 - loadIPPluginJar : add i3c
2026-05-06 17:29:54,688 [INFO] IPUIPlugin:80 - create IPUIPlugin
2026-05-06 17:29:54,688 [INFO] PluginManager:220 - loadIPPluginJar : add ipddr
2026-05-06 17:29:54,782 [INFO] IPUIPlugin:80 - create IPUIPlugin
2026-05-06 17:29:54,782 [INFO] PluginManager:220 - loadIPPluginJar : add linkedlist
2026-05-06 17:29:54,815 [INFO] IPUIPlugin:80 - create IPUIPlugin
2026-05-06 17:29:54,815 [INFO] PluginManager:220 - loadIPPluginJar : add lorawan
2026-05-06 17:29:54,868 [INFO] IPUIPlugin:80 - create IPUIPlugin
2026-05-06 17:29:54,868 [INFO] PluginManager:220 - loadIPPluginJar : add ltdc
2026-05-06 17:29:54,890 [INFO] IPUIPlugin:80 - create IPUIPlugin
2026-05-06 17:29:54,891 [INFO] PluginManager:220 - loadIPPluginJar : add mdma
2026-05-06 17:29:54,919 [INFO] IPUIPlugin:80 - create IPUIPlugin
2026-05-06 17:29:54,919 [INFO] PluginManager:220 - loadIPPluginJar : add nvic
2026-05-06 17:29:54,958 [INFO] IPUIPlugin:80 - create IPUIPlugin
2026-05-06 17:29:54,958 [INFO] PluginManager:220 - loadIPPluginJar : add opamp
2026-05-06 17:29:55,028 [INFO] IPUIPlugin:80 - create IPUIPlugin
2026-05-06 17:29:55,028 [INFO] PluginManager:220 - loadIPPluginJar : add openamp
2026-05-06 17:29:55,069 [INFO] IPUIPlugin:80 - create IPUIPlugin
2026-05-06 17:29:55,070 [INFO] PluginManager:220 - loadIPPluginJar : add pdm2pcm
2026-05-06 17:29:55,088 [INFO] IPUIPlugin:80 - create IPUIPlugin
2026-05-06 17:29:55,091 [INFO] PluginManager:220 - loadIPPluginJar : add plateformsettings
2026-05-06 17:29:55,113 [INFO] IPUIPlugin:80 - create IPUIPlugin
2026-05-06 17:29:55,113 [INFO] PluginManager:220 - loadIPPluginJar : add quadspi
2026-05-06 17:29:55,148 [INFO] IPUIPlugin:80 - create IPUIPlugin
2026-05-06 17:29:55,148 [INFO] PluginManager:220 - loadIPPluginJar : add radio
2026-05-06 17:29:55,160 [INFO] IPUIPlugin:80 - create IPUIPlugin
2026-05-06 17:29:55,160 [INFO] PluginManager:220 - loadIPPluginJar : add resmgrutility
2026-05-06 17:29:55,219 [INFO] IPUIPlugin:80 - create IPUIPlugin
2026-05-06 17:29:55,219 [INFO] PluginManager:220 - loadIPPluginJar : add sai
2026-05-06 17:29:55,263 [INFO] IPUIPlugin:80 - create IPUIPlugin
2026-05-06 17:29:55,263 [INFO] PluginManager:220 - loadIPPluginJar : add spi
2026-05-06 17:29:55,353 [INFO] IPUIPlugin:80 - create IPUIPlugin
2026-05-06 17:29:55,354 [INFO] PluginManager:220 - loadIPPluginJar : add stm32_wpan
2026-05-06 17:29:55,380 [INFO] IPUIPlugin:80 - create IPUIPlugin
2026-05-06 17:29:55,380 [INFO] PluginManager:220 - loadIPPluginJar : add tim
2026-05-06 17:29:55,453 [INFO] IPUIPlugin:80 - create IPUIPlugin
2026-05-06 17:29:55,453 [INFO] PluginManager:220 - loadIPPluginJar : add touchsensing
2026-05-06 17:29:55,476 [INFO] IPUIPlugin:80 - create IPUIPlugin
2026-05-06 17:29:55,476 [INFO] PluginManager:220 - loadIPPluginJar : add tracer_emb
2026-05-06 17:29:55,506 [INFO] IPUIPlugin:80 - create IPUIPlugin
2026-05-06 17:29:55,506 [INFO] PluginManager:220 - loadIPPluginJar : add ts
2026-05-06 17:29:55,529 [INFO] IPUIPlugin:80 - create IPUIPlugin
2026-05-06 17:29:55,530 [INFO] PluginManager:220 - loadIPPluginJar : add tsc
2026-05-06 17:29:55,549 [INFO] IPUIPlugin:80 - create IPUIPlugin
2026-05-06 17:29:55,549 [INFO] PluginManager:220 - loadIPPluginJar : add ucpd
2026-05-06 17:29:55,594 [INFO] IPUIPlugin:80 - create IPUIPlugin
2026-05-06 17:29:55,594 [INFO] PluginManager:220 - loadIPPluginJar : add usart
2026-05-06 17:29:55,666 [INFO] IPUIPlugin:80 - create IPUIPlugin
2026-05-06 17:29:55,667 [INFO] PluginManager:220 - loadIPPluginJar : add usbx
2026-05-06 17:29:55,791 [FATAL] Updater:351 - Updater called before beeing initialized
2026-05-06 17:29:55,823 [INFO] RulesReader:64 - Compatibility file has been processed (301 Rules)
2026-05-06 17:29:55,835 [INFO] RulesReader:64 - Compatibility file has been processed (301 Rules)
2026-05-06 17:29:55,841 [INFO] CADModel:165 - CPN selected for project level
2026-05-06 17:29:55,841 [INFO] CADModel:114 - Register for checkConnection events
2026-05-06 17:29:55,841 [FATAL] Updater:351 - Updater called before beeing initialized
2026-05-06 17:29:55,842 [ERROR] CADModel:125 - Updater not yet initialized, retry later 
2026-05-06 17:29:55,951 [INFO] ThirdPartyUpdaterWithRetryManager:70 - Updater plugin not ready yet. [2/15]
2026-05-06 17:29:55,994 [FATAL] Updater:351 - Updater called before beeing initialized
2026-05-06 17:29:55,996 [INFO] CADModel:165 - CPN selected for project level
2026-05-06 17:29:55,996 [INFO] CADModel:114 - Register for checkConnection events
2026-05-06 17:29:55,996 [FATAL] Updater:351 - Updater called before beeing initialized
2026-05-06 17:29:55,997 [ERROR] CADModel:125 - Updater not yet initialized, retry later 
2026-05-06 17:29:55,999 [FATAL] Updater:351 - Updater called before beeing initialized
2026-05-06 17:29:56,097 [FATAL] Updater:351 - Updater called before beeing initialized
2026-05-06 17:29:56,110 [INFO] DbMcusAds:53 - JSON generation date=Mon Apr 27 18:14:29 AEST 2026 (1777277669683)
2026-05-06 17:29:56,110 [FATAL] Updater:351 - Updater called before beeing initialized
2026-05-06 17:29:56,188 [WARN] DetailPanel:346 - Failed to get advertising image, set to default
2026-05-06 17:29:56,418 [FATAL] Updater:351 - Updater called before beeing initialized
2026-05-06 17:29:56,420 [FATAL] Updater:351 - Updater called before beeing initialized
2026-05-06 17:29:56,421 [FATAL] Updater:351 - Updater called before beeing initialized
2026-05-06 17:29:56,421 [WARN] DetailPanel:346 - Failed to get advertising image, set to default
2026-05-06 17:29:56,422 [FATAL] Updater:351 - Updater called before beeing initialized
2026-05-06 17:29:56,483 [ERROR] Updater:1198 - MainUpdater not yet initialized. External WinMGr cannot be set.
2026-05-06 17:29:56,492 [INFO] Updater:1134 - Updater Version found : 6.14.0
2026-05-06 17:29:56,515 [INFO] ApplicationProperties:184 - Using Application install path: D:\ST\STM32CubeIDE_1.18.0\STM32CubeIDE\plugins\com.st.stm32cube.common.mx_6.14.0.202502271554
2026-05-06 17:29:58,114 [ERROR] LogOutputStream:75 - [STDERR_REDIRECT] May 06, 2026 5:29:58 PM java.util.prefs.WindowsPreferences <init>
2026-05-06 17:29:58,116 [ERROR] LogOutputStream:75 - [STDERR_REDIRECT] WARNING: Could not open/create prefs root node Software\JavaSoft\Prefs at root 0xffffffff80000002. Windows RegCreateKeyEx(...) returned error code 5.
2026-05-06 17:29:58,116 [ERROR] LogOutputStream:75 - [STDERR_REDIRECT] 
2026-05-06 17:29:58,418 [INFO] MainUpdater:2872 - connection check result : 10
2026-05-06 17:29:58,418 [INFO] MainUpdater:3566 - Updater definition file requires update
2026-05-06 17:29:58,419 [INFO] MainUpdater:289 - Updater Check For Update Now.
2026-05-06 17:29:58,419 [INFO] MicroXplorer:498 - Change Database Version : DB.6.0.140
2026-05-06 17:29:58,434 [INFO] McuFinderGlobals:63 - Set McuFinder mode to 2 (CubeIDE integrated)
2026-05-06 17:29:58,436 [INFO] ServerAccessManage:473 - Download File updaters.zip
2026-05-06 17:29:58,441 [INFO] UserAuth:486 - Internet connection configuration mode: 1
2026-05-06 17:29:58,471 [INFO] JxBrowserEngine:152 - Initiate JxBrowser Engine with user profile folder
2026-05-06 17:29:58,534 [INFO] FileExtend:242 - Unzip File : updaters.zip
2026-05-06 17:29:58,534 [INFO] FileExtend:257 - Standard Zip Deflate
2026-05-06 17:29:58,952 [WARN] MainUpdater:1193 - Updater busy. Cannot search thirdparties
2026-05-06 17:29:58,952 [INFO] ThirdPartyUpdaterWithRetryManager:96 - Updater plugin is busy. [1/15]
2026-05-06 17:29:59,045 [INFO] ServerAccessManage:473 - Download File PacksControlFlags.xml
2026-05-06 17:29:59,132 [INFO] ServerAccessManage:473 - Download File cubemx.pidx
2026-05-06 17:29:59,910 [INFO] WebApp:169 - Instantiating new browser for Auth
2026-05-06 17:29:59,968 [INFO] ServerAccessManage:473 - Download File STMicroelectronics.X-CUBE-GNSS1.pdsc
2026-05-06 17:30:00,560 [INFO] WebApp:463 - Apply proxy settings
2026-05-06 17:30:00,561 [INFO] WebApp:548 - Chromium requires no authentication
2026-05-06 17:30:00,574 [INFO] WebApp:491 - Direct internet connection detected
2026-05-06 17:30:00,601 [INFO] WebApp:894 - Register for checkConnection events
2026-05-06 17:30:00,601 [INFO] WebApp:463 - Apply proxy settings
2026-05-06 17:30:00,601 [INFO] WebApp:548 - Chromium requires no authentication
2026-05-06 17:30:00,602 [INFO] WebApp:491 - Direct internet connection detected
2026-05-06 17:30:00,776 [INFO] WebApp:225 - Starting web application
2026-05-06 17:30:00,776 [INFO] WebApp:593 - Web application path used D:\ST\STM32CubeIDE_1.18.0\STM32CubeIDE\plugins\com.st.stm32cube.common.mx_6.14.0.202502271554\db\plugins\mcufinder\reactClient1\index.html
2026-05-06 17:30:00,910 [INFO] UserAuth:486 - Internet connection configuration mode: 1
2026-05-06 17:30:01,069 [ERROR] ServerAccessManage:1089 - Problem, file not found on Server
2026-05-06 17:30:01,092 [INFO] WebApp:191 - Connection restablished
2026-05-06 17:30:01,900 [ERROR] ServerAccessManage:1089 - Problem, file not found on Server
2026-05-06 17:30:01,954 [WARN] MainUpdater:1193 - Updater busy. Cannot search thirdparties
2026-05-06 17:30:01,955 [INFO] ThirdPartyUpdaterWithRetryManager:96 - Updater plugin is busy. [2/15]
2026-05-06 17:30:02,744 [ERROR] ServerAccessManage:1089 - Problem, file not found on Server
2026-05-06 17:30:03,045 [ERROR] ServerAccessManage:1089 - Problem, file not found on Server
2026-05-06 17:30:03,340 [ERROR] ServerAccessManage:1089 - Problem, file not found on Server
2026-05-06 17:30:03,643 [ERROR] ServerAccessManage:1089 - Problem, file not found on Server
2026-05-06 17:30:04,817 [WARN] PackLoader:240 - Cannot read IP mode file for STMicroelectronics.X-CUBE-GNSS1.7.1.1
2026-05-06 17:30:04,822 [INFO] PopulateThirdPartyThread:66 - Ending populate Thread
2026-05-06 17:30:04,824 [INFO] ThirdParty:1030 - CMSIS Pack Vendor :STMicroelectronics X-CUBE-GNSS1 7.1.1
2026-05-06 17:30:04,824 [INFO] LoadServerUpdatesThread:375 - End of LoadServerUpdate Thread
2026-05-06 17:30:04,957 [INFO] CheckServerUpdateThread:120 - End of CheckServer Thread
2026-05-06 17:30:05,188 [WARN] PackLoader:240 - Cannot read IP mode file for STMicroelectronics.X-CUBE-AZRTOS-H7.3.5.0
2026-05-06 17:30:05,200 [WARN] PackLoader:240 - Cannot read IP mode file for STMicroelectronics.FP-ATR-ASTRA1.2.0.2
2026-05-06 17:30:05,215 [WARN] PackLoader:240 - Cannot read IP mode file for STMicroelectronics.X-CUBE-SMBUS.2.1.0
2026-05-06 17:30:05,243 [WARN] PackLoader:240 - Cannot read IP mode file for STMicroelectronics.X-CUBE-AZRTOS-F7.1.1.0
2026-05-06 17:30:05,260 [ERROR] Engine:466 - C:\Users\JH\.stm32cubemx\thirdparties\pdsc\STMicroelectronics.FP-SNS-MOTENV1.5.1.0.pdsc: PDSC version is not supported
2026-05-06 17:30:05,273 [ERROR] Engine:466 - C:\Users\JH\.stm32cubemx\thirdparties\pdsc\WES.I-CUBE-Cesium.1.4.0.pdsc: PDSC version is not supported
2026-05-06 17:30:05,290 [WARN] PackLoader:240 - Cannot read IP mode file for STMicroelectronics.X-CUBE-DISPLAY.3.0.0
2026-05-06 17:30:05,301 [WARN] PackLoader:240 - Cannot read IP mode file for STMicroelectronics.X-CUBE-GNSS1.7.1.1
2026-05-06 17:30:05,306 [ERROR] Engine:466 - C:\Users\JH\.stm32cubemx\thirdparties\pdsc\STMicroelectronics.FP-SNS-MOTENVWB1.1.5.0.pdsc: PDSC version is not supported
2026-05-06 17:30:05,319 [WARN] PackLoader:240 - Cannot read IP mode file for STMicroelectronics.X-CUBE-NFC10.1.0.0
2026-05-06 17:30:05,335 [WARN] PackLoader:240 - Cannot read IP mode file for STMicroelectronics.X-CUBE-ST60.1.1.0
2026-05-06 17:30:05,361 [WARN] PackLoader:240 - Cannot read IP mode file for emotas.I-CUBE-CANOPEN.1.3.0
2026-05-06 17:30:05,373 [WARN] PackLoader:240 - Cannot read IP mode file for STMicroelectronics.X-CUBE-GNSS1.7.1.0
2026-05-06 17:30:05,387 [ERROR] Engine:466 - C:\Users\JH\.stm32cubemx\thirdparties\pdsc\STMicroelectronics.FP-SNS-STBOX1.2.1.0.pdsc: PDSC version is not supported
2026-05-06 17:30:05,401 [WARN] PackLoader:240 - Cannot read IP mode file for STMicroelectronics.FP-SNS-SMARTAG2.1.2.0
2026-05-06 17:30:05,408 [WARN] PackLoader:240 - Cannot read IP mode file for STMicroelectronics.FP-SNS-FLIGHT1.5.1.0
2026-05-06 17:30:05,427 [INFO] LogOutputStream:77 - [STDOUT_REDIRECT] 1 : Invalid condition id : UX_CORESTACK_Condition cause : null
2026-05-06 17:30:05,428 [INFO] LogOutputStream:77 - [STDOUT_REDIRECT] 1 : Invalid condition id : UX_CORESTACK_Condition cause : null
2026-05-06 17:30:05,429 [INFO] LogOutputStream:77 - [STDOUT_REDIRECT] 1 : Invalid condition id : UX_CORESTACK_Condition cause : null
2026-05-06 17:30:05,429 [INFO] LogOutputStream:77 - [STDOUT_REDIRECT] 1 : Invalid condition id : UX_CORESTACK_Condition cause : null
2026-05-06 17:30:05,430 [INFO] LogOutputStream:77 - [STDOUT_REDIRECT] 1 : Invalid condition id : UX_CORESTACK_Condition cause : null
2026-05-06 17:30:05,433 [WARN] PackLoader:240 - Cannot read IP mode file for STMicroelectronics.X-CUBE-AZRTOS-WL.2.0.0
2026-05-06 17:30:05,462 [WARN] PackLoader:240 - Cannot read IP mode file for STMicroelectronics.X-CUBE-AZRTOS-H7RS.1.2.0
2026-05-06 17:30:05,480 [WARN] PackLoader:240 - Cannot read IP mode file for STMicroelectronics.X-CUBE-BLE2.3.3.0
2026-05-06 17:30:05,534 [WARN] PackLoader:240 - Cannot read IP mode file for Infineon.AIROC-Wi-Fi-Bluetooth-STM32.1.8.0
2026-05-06 17:30:05,565 [WARN] PackLoader:240 - Cannot read IP mode file for STMicroelectronics.X-CUBE-NFC9.1.0.0
2026-05-06 17:30:05,581 [WARN] PackLoader:240 - Cannot read IP mode file for STMicroelectronics.X-CUBE-BLE1.7.1.0
2026-05-06 17:30:05,587 [WARN] PackLoader:240 - Cannot read IP mode file for wolfSSL.I-CUBE-wolfMQTT.1.19.2
2026-05-06 17:30:05,612 [WARN] PackLoader:240 - Cannot read IP mode file for STMicroelectronics.X-CUBE-EEPRMA1.5.2.0
2026-05-06 17:30:05,629 [WARN] PackLoader:240 - Cannot read IP mode file for wolfSSL.I-CUBE-wolfSSL.5.8.4
2026-05-06 17:30:05,633 [WARN] PackLoader:240 - Cannot read IP mode file for Cesanta.I-CUBE-Mongoose.7.20.0
2026-05-06 17:30:05,643 [ERROR] Engine:466 - C:\Users\JH\.stm32cubemx\thirdparties\pdsc\STMicroelectronics.FP-SNS-STAIOTCFT.1.1.0.pdsc: PDSC version is not supported
2026-05-06 17:30:05,686 [WARN] PackLoader:240 - Cannot read IP mode file for STMicroelectronics.X-CUBE-MEMS1.12.0.0
2026-05-06 17:30:05,775 [WARN] PackLoader:240 - Cannot read IP mode file for STMicroelectronics.X-CUBE-AZRTOS-G0.1.1.0
2026-05-06 17:30:05,795 [WARN] PackLoader:240 - Cannot read IP mode file for STMicroelectronics.X-CUBE-NFC4.3.0.0
2026-05-06 17:30:05,813 [WARN] PackLoader:240 - Cannot read IP mode file for EmbeddedOffice.I-CUBE-FS-RTOS.1.0.1
2026-05-06 17:30:05,831 [WARN] PackLoader:240 - Cannot read IP mode file for STMicroelectronics.X-CUBE-WB05N.2.0.0
2026-05-06 17:30:05,838 [WARN] PackLoader:240 - Cannot read IP mode file for wolfSSL.I-CUBE-wolfTPM.3.8.0
2026-05-06 17:30:05,859 [WARN] PackLoader:240 - Cannot read IP mode file for STMicroelectronics.X-CUBE-TCPP.4.2.0
2026-05-06 17:30:05,881 [WARN] PackLoader:240 - Cannot read IP mode file for RealThread.X-CUBE-RT-Thread_Nano.4.1.1
2026-05-06 17:30:05,888 [WARN] PackLoader:240 - Cannot read IP mode file for STMicroelectronics.FP-ATR-SIGFOX1.3.2.0
2026-05-06 17:30:05,901 [ERROR] Engine:466 - C:\Users\JH\.stm32cubemx\thirdparties\pdsc\STMicroelectronics.X-CUBE-FREERTOS.1.5.0.pdsc: PDSC version is not supported
2026-05-06 17:30:05,918 [WARN] PackLoader:240 - Cannot read IP mode file for ITTIA_DB.I-CUBE-ITTIADB.8.9.0
2026-05-06 17:30:05,933 [WARN] PackLoader:240 - Cannot read IP mode file for STMicroelectronics.X-CUBE-NFC6.3.2.0
2026-05-06 17:30:05,949 [WARN] PackLoader:240 - Cannot read IP mode file for STMicroelectronics.X-CUBE-AI.10.2.0
2026-05-06 17:30:05,991 [WARN] PackLoader:240 - Cannot read IP mode file for STMicroelectronics.X-CUBE-MEMS1.12.1.0
2026-05-06 17:30:06,076 [WARN] PackLoader:240 - Cannot read IP mode file for SEGGER.I-CUBE-embOS.1.3.1
2026-05-06 17:30:06,125 [WARN] PackLoader:240 - Cannot read IP mode file for STMicroelectronics.X-CUBE-ALGOBUILD.1.4.0
2026-05-06 17:30:06,140 [WARN] PackLoader:240 - Cannot read IP mode file for STMicroelectronics.X-CUBE-PM33A1.1.0.0
2026-05-06 17:30:06,167 [WARN] PackLoader:240 - Cannot read IP mode file for STMicroelectronics.X-CUBE-AZRTOS-F4.1.1.0
2026-05-06 17:30:06,188 [WARN] PackLoader:240 - Cannot read IP mode file for STMicroelectronics.X-CUBE-ISPU.2.1.0
2026-05-06 17:30:06,210 [ERROR] Engine:466 - C:\Users\JH\.stm32cubemx\thirdparties\pdsc\STMicroelectronics.X-CUBE-IPS.3.2.0.pdsc: PDSC version is not supported
2026-05-06 17:30:06,215 [WARN] PackLoader:240 - Cannot read IP mode file for STMicroelectronics.eDS-WB_DPC_TT-BIDIR.2.1.1
2026-05-06 17:30:06,231 [WARN] PackLoader:240 - Cannot read IP mode file for STMicroelectronics.X-CUBE-NFC12.1.0.0
2026-05-06 17:30:06,266 [WARN] PackLoader:240 - Cannot read IP mode file for STMicroelectronics.X-CUBE-AZRTOS-L5.2.0.0
2026-05-06 17:30:06,274 [WARN] PackLoader:240 - Cannot read IP mode file for STMicroelectronics.eDS-WB_DPC_VIENNA.1.2.0
2026-05-06 17:30:06,279 [WARN] PackLoader:240 - Cannot read IP mode file for STMicroelectronics.eDS-WB_DPC_3PH2L-BIDIR.1.1.1
2026-05-06 17:30:06,294 [ERROR] Engine:466 - C:\Users\JH\.stm32cubemx\thirdparties\pdsc\STMicroelectronics.X-CUBE-ST67W61.1.3.0.pdsc: PDSC version is not supported
2026-05-06 17:30:06,309 [WARN] PackLoader:240 - Cannot read IP mode file for STMicroelectronics.X-CUBE-TOUCHGFX.4.26.1
2026-05-06 17:30:06,324 [WARN] PackLoader:240 - Cannot read IP mode file for STMicroelectronics.FP-SNS-STAIOTCFT.1.0.0
2026-05-06 17:30:06,338 [WARN] PackLoader:240 - Cannot read IP mode file for STMicroelectronics.X-CUBE-DPower.1.3.0
2026-05-06 17:30:06,364 [WARN] ConditionMgr:438 - getConditionDescription Invalid condition id : LAN8742 Phy interface Condition cause : null
2026-05-06 17:30:06,365 [WARN] PackLoader:240 - Cannot read IP mode file for STMicroelectronics.X-CUBE-AZRTOS-L4.2.0.0
2026-05-06 17:30:06,366 [WARN] ConditionMgr:1044 - genDependencies : Invalid condition id : LAN8742 Phy interface Condition cause : null
2026-05-06 17:30:06,366 [WARN] ConditionMgr:1044 - genDependencies : Invalid condition id : LAN8742 Phy interface Condition cause : null
2026-05-06 17:30:06,366 [WARN] ConditionMgr:1044 - genDependencies : Invalid condition id : LAN8742 Phy interface Condition cause : null
2026-05-06 17:30:06,381 [WARN] PackLoader:240 - Cannot read IP mode file for STMicroelectronics.X-CUBE-SFXS2LP1.4.0.0
2026-05-06 17:30:06,394 [WARN] PackLoader:240 - Cannot read IP mode file for STMicroelectronics.X-CUBE-WB05N.2.1.0
2026-05-06 17:30:06,406 [ERROR] Engine:466 - C:\Users\JH\.stm32cubemx\thirdparties\pdsc\STMicroelectronics.X-CUBE-ST67W61.1.2.0.pdsc: PDSC version is not supported
2026-05-06 17:30:06,421 [WARN] PackLoader:240 - Cannot read IP mode file for STMicroelectronics.X-CUBE-BLEMGR.4.1.0
2026-05-06 17:30:06,442 [WARN] ConditionMgr:438 - getConditionDescription Invalid condition id : UX DEVICE CLASS RTOS Condition cause : null
2026-05-06 17:30:06,442 [WARN] ConditionMgr:438 - getConditionDescription Invalid condition id : UX DEVICE CLASS RTOS Condition cause : null
2026-05-06 17:30:06,444 [WARN] PackLoader:240 - Cannot read IP mode file for STMicroelectronics.X-CUBE-AZRTOS-WB.2.0.0
2026-05-06 17:30:06,444 [WARN] ConditionMgr:1044 - genDependencies : Invalid condition id : UX DEVICE CLASS RTOS Condition cause : null
2026-05-06 17:30:06,444 [WARN] ConditionMgr:1044 - genDependencies : Invalid condition id : UX DEVICE CLASS RTOS Condition cause : null
2026-05-06 17:30:06,444 [WARN] ConditionMgr:1044 - genDependencies : Invalid condition id : UX DEVICE CLASS RTOS Condition cause : null
2026-05-06 17:30:06,445 [WARN] ConditionMgr:1044 - genDependencies : Invalid condition id : UX DEVICE CLASS RTOS Condition cause : null
2026-05-06 17:30:06,445 [WARN] ConditionMgr:1044 - genDependencies : Invalid condition id : UX DEVICE CLASS RTOS Condition cause : null
2026-05-06 17:30:06,449 [WARN] ConditionMgr:438 - getConditionDescription Invalid condition id : Cortex-A Device cause : null
2026-05-06 17:30:06,467 [WARN] ConditionMgr:1044 - genDependencies : Invalid condition id : Cortex-A Device cause : null
2026-05-06 17:30:06,467 [WARN] ConditionMgr:1044 - genDependencies : Invalid condition id : Cortex-A Device cause : null
2026-05-06 17:30:06,467 [WARN] ConditionMgr:1044 - genDependencies : Invalid condition id : Cortex-A Device cause : null
2026-05-06 17:30:06,483 [WARN] PackLoader:240 - Cannot read IP mode file for STMicroelectronics.X-CUBE-STSE01.2.0.0
2026-05-06 17:30:06,504 [WARN] PackLoader:240 - Cannot read IP mode file for STMicroelectronics.X-CUBE-SUBG2.5.0.0
2026-05-06 17:30:06,535 [WARN] PackLoader:240 - Cannot read IP mode file for STMicroelectronics.X-CUBE-AZRTOS-G4.2.0.0
2026-05-06 17:30:06,542 [WARN] PackLoader:240 - Cannot read IP mode file for wolfSSL.I-CUBE-wolfSSH.1.4.20
2026-05-06 17:30:06,557 [WARN] PackLoader:240 - Cannot read IP mode file for STMicroelectronics.X-CUBE-NFC7.2.0.0
2026-05-06 17:30:06,574 [WARN] PackLoader:240 - Cannot read IP mode file for STMicroelectronics.X-CUBE-ALS.1.0.2
2026-05-06 17:30:06,592 [WARN] PackLoader:240 - Cannot read IP mode file for STMicroelectronics.X-CUBE-TOF1.3.4.3
2026-05-06 17:30:06,601 [INFO] ThirdParty:978 - Integrity check success = true
2026-05-06 17:30:06,602 [INFO] IntegrityCheckThread:100 - exiting critical section [integrity check]
2026-05-06 17:30:06,602 [INFO] IntegrityCheckThread:103 - End integrity checks thread
2026-05-06 17:41:45,457 [INFO] WebApp:194 - Connection lost
2026-05-06 17:41:49,350 [INFO] WebApp:191 - Connection restablished
2026-05-06 17:41:49,441 [INFO] WebApp:194 - Connection lost
2026-05-06 17:41:49,885 [INFO] WebApp:191 - Connection restablished
2026-05-06 17:45:11,127 [ERROR] LogOutputStream:75 - [STDERR_REDIRECT] 
2026-05-06 17:45:15,372 [INFO] Activator:176 - 


2026-05-06 17:45:15,373 [INFO] Activator:177 - !SESSION log4j initialized
2026-05-06 17:45:18,942 [INFO] LogOutputStream:77 - [STDOUT_REDIRECT] 
2026-05-06 17:45:28,553 [INFO] ApplicationProperties:184 - Using Application install path: D:\ST\STM32CubeIDE_1.18.0\STM32CubeIDE\plugins\com.st.stm32cube.common.mx_6.14.0.202502271554
2026-05-06 17:45:28,565 [INFO] DbMcusXml:78 - Set database path to: D:\ST\STM32CubeIDE_1.18.0\STM32CubeIDE\plugins\com.st.stm32cube.common.mx_6.14.0.202502271554\\db\/mcu/
2026-05-06 17:45:28,566 [INFO] ApiDb:274 - Set plugin database path to: D:\ST\STM32CubeIDE_1.18.0\STM32CubeIDE\plugins\com.st.stm32cube.common.mx_6.14.0.202502271554\\db\/plugins/boardmanager/
2026-05-06 17:45:28,566 [WARN] ApiDb:259 - Overriding images path with different value:  => D:\ST\STM32CubeIDE_1.18.0\STM32CubeIDE\plugins\com.st.stm32cube.common.mx_6.14.0.202502271554\\db\/plugins/mcufinder/images/
2026-05-06 17:45:28,569 [INFO] ApiDb:250 - Set database path to: C:\Users\JH\.stmcufinder\plugins\mcufinder//mcu/
2026-05-06 17:45:28,570 [INFO] DbMcusAds:125 - Set database path to: C:\Users\JH\.stmcufinder\plugins\mcufinder//mcu/
2026-05-06 17:45:28,571 [INFO] CrossReferenceDbSqlite:203 - Set database path to: C:\Users\JH\.stmcufinder\plugins\mcufinder//mcu/cs/
2026-05-06 17:45:28,642 [INFO] RulesReader:64 - Compatibility file has been processed (301 Rules)
2026-05-06 17:45:28,695 [INFO] DbMcusXml:78 - Set database path to: D:\ST\STM32CubeIDE_1.18.0\STM32CubeIDE\plugins\com.st.stm32cube.common.mx_6.14.0.202502271554\\db\/mcu/
2026-05-06 17:45:28,695 [INFO] ApiDb:274 - Set plugin database path to: D:\ST\STM32CubeIDE_1.18.0\STM32CubeIDE\plugins\com.st.stm32cube.common.mx_6.14.0.202502271554\\db\/plugins/boardmanager/
2026-05-06 17:45:28,695 [INFO] ApiDb:261 - Set plugin images path to: D:\ST\STM32CubeIDE_1.18.0\STM32CubeIDE\plugins\com.st.stm32cube.common.mx_6.14.0.202502271554\\db\/plugins/mcufinder/images/
2026-05-06 17:45:28,695 [WARN] DbFile:41 - Overriding database path with different value: C:\Users\JH\.stmcufinder\plugins\mcufinder/ => C:\Users\JH\.stmcufinder\plugins\mcufinder
2026-05-06 17:45:28,695 [INFO] ApiDb:250 - Set database path to: C:\Users\JH\.stmcufinder\plugins\mcufinder//mcu/
2026-05-06 17:45:28,696 [WARN] DbFile:41 - Overriding database path with different value: C:\Users\JH\.stmcufinder\plugins\mcufinder/ => C:\Users\JH\.stmcufinder\plugins\mcufinder
2026-05-06 17:45:28,696 [INFO] DbMcusAds:125 - Set database path to: C:\Users\JH\.stmcufinder\plugins\mcufinder//mcu/
2026-05-06 17:45:28,696 [WARN] DbFile:41 - Overriding database path with different value: C:\Users\JH\.stmcufinder\plugins\mcufinder/ => C:\Users\JH\.stmcufinder\plugins\mcufinder
2026-05-06 17:45:28,696 [WARN] DbFile:41 - Overriding database path with different value: C:\Users\JH\.stmcufinder\plugins\mcufinder/ => C:\Users\JH\.stmcufinder\plugins\mcufinder
2026-05-06 17:45:28,696 [INFO] CrossReferenceDbSqlite:203 - Set database path to: C:\Users\JH\.stmcufinder\plugins\mcufinder//mcu/cs/
2026-05-06 17:45:28,742 [INFO] MainPanel:272 - HeapMemory: 268435456
2026-05-06 17:45:28,798 [INFO] DbMcusXml:78 - Set database path to: D:\ST\STM32CubeIDE_1.18.0\STM32CubeIDE\plugins\com.st.stm32cube.common.mx_6.14.0.202502271554\\db\/mcu/
2026-05-06 17:45:28,798 [INFO] ApiDb:274 - Set plugin database path to: D:\ST\STM32CubeIDE_1.18.0\STM32CubeIDE\plugins\com.st.stm32cube.common.mx_6.14.0.202502271554\\db\/plugins/boardmanager/
2026-05-06 17:45:28,798 [INFO] ApiDb:261 - Set plugin images path to: D:\ST\STM32CubeIDE_1.18.0\STM32CubeIDE\plugins\com.st.stm32cube.common.mx_6.14.0.202502271554\\db\/plugins/mcufinder/images/
2026-05-06 17:45:28,798 [WARN] DbFile:41 - Overriding database path with different value: C:\Users\JH\.stmcufinder\plugins\mcufinder/ => C:\Users\JH\.stmcufinder\plugins\mcufinder
2026-05-06 17:45:28,798 [INFO] ApiDb:250 - Set database path to: C:\Users\JH\.stmcufinder\plugins\mcufinder//mcu/
2026-05-06 17:45:28,799 [WARN] DbFile:41 - Overriding database path with different value: C:\Users\JH\.stmcufinder\plugins\mcufinder/ => C:\Users\JH\.stmcufinder\plugins\mcufinder
2026-05-06 17:45:28,799 [INFO] DbMcusAds:125 - Set database path to: C:\Users\JH\.stmcufinder\plugins\mcufinder//mcu/
2026-05-06 17:45:28,799 [WARN] DbFile:41 - Overriding database path with different value: C:\Users\JH\.stmcufinder\plugins\mcufinder/ => C:\Users\JH\.stmcufinder\plugins\mcufinder
2026-05-06 17:45:28,799 [WARN] DbFile:41 - Overriding database path with different value: C:\Users\JH\.stmcufinder\plugins\mcufinder/ => C:\Users\JH\.stmcufinder\plugins\mcufinder
2026-05-06 17:45:28,799 [INFO] CrossReferenceDbSqlite:203 - Set database path to: C:\Users\JH\.stmcufinder\plugins\mcufinder//mcu/cs/
2026-05-06 17:45:28,811 [INFO] ApplicationProperties:184 - Using Application install path: D:\ST\STM32CubeIDE_1.18.0\STM32CubeIDE\plugins\com.st.stm32cube.common.mx_6.14.0.202502271554
2026-05-06 17:45:28,812 [INFO] PluginManage:196 - Search for loadable plugins [exclusion list=, ]
2026-05-06 17:45:28,813 [INFO] PluginManage:310 - Check plugin analytics
2026-05-06 17:45:37,991 [INFO] AnalyticsPlugin:253 - Accepted Software Licenses: 
2026-05-06 17:45:37,991 [INFO] AnalyticsPlugin:255 - Accepted CMSIS Pack Licenses: 
2026-05-06 17:45:37,991 [INFO] AnalyticsPlugin:257 - Accepted Firmware Licenses: FW.L4.1.18.0
2026-05-06 17:45:37,993 [INFO] PluginManage:359 - Loaded plugin analytics (category:tool,tabindex:-1)
2026-05-06 17:45:37,993 [INFO] PluginManage:310 - Check plugin cadmodel
2026-05-06 17:45:37,995 [INFO] CADModel:105 - Init CAD model plugin
2026-05-06 17:45:37,995 [INFO] PluginManage:359 - Loaded plugin cadmodel (category:power,tabindex:5)
2026-05-06 17:45:37,996 [INFO] PluginManage:310 - Check plugin clock
2026-05-06 17:45:38,002 [INFO] PluginManage:359 - Loaded plugin clock (category:base,tabindex:2)
2026-05-06 17:45:38,002 [INFO] PluginManage:310 - Check plugin ddr
2026-05-06 17:45:38,003 [INFO] PluginManage:359 - Loaded plugin ddr (category:tool,tabindex:6)
2026-05-06 17:45:38,003 [INFO] PluginManage:310 - Check plugin filemanager
2026-05-06 17:45:38,095 [INFO] PluginManage:359 - Loaded plugin filemanager (category:base,tabindex:10)
2026-05-06 17:45:38,095 [INFO] PluginManage:310 - Check plugin ipmanager
2026-05-06 17:45:38,099 [INFO] PluginManage:359 - Loaded plugin ipmanager (category:base,tabindex:5)
2026-05-06 17:45:38,099 [INFO] PluginManage:310 - Check plugin lpbam
2026-05-06 17:45:38,105 [INFO] PluginManage:359 - Loaded plugin lpbam (category:base,tabindex:0)
2026-05-06 17:45:38,105 [INFO] PluginManage:310 - Check plugin memorymap
2026-05-06 17:45:38,114 [INFO] PluginManage:359 - Loaded plugin memorymap (category:base,tabindex:4)
2026-05-06 17:45:38,114 [INFO] PluginManage:310 - Check plugin pinoutandconfiguration
2026-05-06 17:45:38,119 [INFO] PluginManage:359 - Loaded plugin pinoutandconfiguration (category:base,tabindex:1)
2026-05-06 17:45:38,119 [INFO] PluginManage:310 - Check plugin pinoutconfig
2026-05-06 17:45:38,176 [WARN] SupportedApi:132 - Cannot load RTOS API schema: s4s-elt-must-match.1: The content of 'definitions' must match (annotation?, (simpleType | complexType)?, (unique | key | keyref)*)). A problem was found starting at: attribute.
2026-05-06 17:45:38,252 [INFO] PluginManage:359 - Loaded plugin pinoutconfig (category:base,tabindex:0)
2026-05-06 17:45:38,252 [INFO] PluginManage:310 - Check plugin power
2026-05-06 17:45:38,257 [INFO] PluginManage:359 - Loaded plugin power (category:power,tabindex:4)
2026-05-06 17:45:38,257 [INFO] PluginManage:310 - Check plugin projectmanager
2026-05-06 17:45:38,268 [INFO] PluginManage:359 - Loaded plugin projectmanager (category:projectmanager,tabindex:4)
2026-05-06 17:45:38,268 [INFO] PluginManage:310 - Check plugin rif
2026-05-06 17:45:38,272 [INFO] PluginManage:359 - Loaded plugin rif (category:base,tabindex:3)
2026-05-06 17:45:38,272 [INFO] PluginManage:310 - Check plugin thirdparty
2026-05-06 17:45:38,357 [INFO] PluginManage:359 - Loaded plugin thirdparty (category:base,tabindex:-1)
2026-05-06 17:45:38,357 [INFO] PluginManage:310 - Check plugin tools
2026-05-06 17:45:38,357 [WARN] IntegrityCheckThread:84 - waiting for thirdparty lock release [integrity check]
2026-05-06 17:45:38,357 [INFO] IntegrityCheckThread:86 - entering critical section [integrity check]
2026-05-06 17:45:38,357 [INFO] ThirdPartyUpdaterWithRetryManager:70 - Updater plugin not ready yet. [1/15]
2026-05-06 17:45:38,359 [INFO] PluginManage:359 - Loaded plugin tools (category:base,tabindex:7)
2026-05-06 17:45:38,359 [INFO] PluginManage:310 - Check plugin tutovideos
2026-05-06 17:45:38,474 [INFO] PluginManage:359 - Loaded plugin tutovideos (category:base,tabindex:-1)
2026-05-06 17:45:38,474 [INFO] PluginManage:310 - Check plugin updater
2026-05-06 17:45:38,488 [INFO] PluginManage:359 - Loaded plugin updater (category:base,tabindex:12)
2026-05-06 17:45:38,488 [INFO] PluginManage:310 - Check plugin userauth
2026-05-06 17:45:38,490 [INFO] UserAuth:118 - Init User Auth plugin
2026-05-06 17:45:38,491 [INFO] PluginManage:359 - Loaded plugin userauth (category:base,tabindex:14)
2026-05-06 17:45:38,491 [INFO] PluginManage:283 - PluginManage : Loaded plugins [18]
2026-05-06 17:45:38,636 [INFO] PinOutPanel:1589 - setPackage(No Configuration,No Configuration)
2026-05-06 17:45:38,693 [INFO] CADModel:165 - CPN selected for project level
2026-05-06 17:45:38,693 [INFO] CADModel:114 - Register for checkConnection events
2026-05-06 17:45:38,707 [INFO] IPUIPlugin:80 - create IPUIPlugin
2026-05-06 17:45:38,707 [INFO] PluginManager:220 - loadIPPluginJar : add adc
2026-05-06 17:45:38,711 [INFO] IPUIPlugin:80 - create IPUIPlugin
2026-05-06 17:45:38,711 [INFO] PluginManager:220 - loadIPPluginJar : add aes
2026-05-06 17:45:38,712 [INFO] IPUIPlugin:80 - create IPUIPlugin
2026-05-06 17:45:38,713 [INFO] PluginManager:220 - loadIPPluginJar : add can
2026-05-06 17:45:38,714 [INFO] IPUIPlugin:80 - create IPUIPlugin
2026-05-06 17:45:38,714 [INFO] PluginManager:220 - loadIPPluginJar : add comp
2026-05-06 17:45:38,715 [INFO] IPUIPlugin:80 - create IPUIPlugin
2026-05-06 17:45:38,715 [INFO] PluginManager:220 - loadIPPluginJar : add cryp
2026-05-06 17:45:38,717 [INFO] IPUIPlugin:80 - create IPUIPlugin
2026-05-06 17:45:38,717 [INFO] PluginManager:220 - loadIPPluginJar : add ddr_ctrl_phy
2026-05-06 17:45:38,718 [INFO] IPUIPlugin:80 - create IPUIPlugin
2026-05-06 17:45:38,718 [INFO] PluginManager:220 - loadIPPluginJar : add dfsdm
2026-05-06 17:45:38,722 [INFO] IPUIPlugin:80 - create IPUIPlugin
2026-05-06 17:45:38,723 [INFO] PluginManager:220 - loadIPPluginJar : add dma
2026-05-06 17:45:38,724 [INFO] IPUIPlugin:80 - create IPUIPlugin
2026-05-06 17:45:38,724 [INFO] PluginManager:220 - loadIPPluginJar : add dma3
2026-05-06 17:45:38,726 [INFO] IPUIPlugin:80 - create IPUIPlugin
2026-05-06 17:45:38,726 [INFO] PluginManager:220 - loadIPPluginJar : add extmemmanager
2026-05-06 17:45:38,727 [INFO] IPUIPlugin:80 - create IPUIPlugin
2026-05-06 17:45:38,727 [INFO] PluginManager:220 - loadIPPluginJar : add fatfs
2026-05-06 17:45:38,730 [INFO] IPUIPlugin:80 - create IPUIPlugin
2026-05-06 17:45:38,730 [INFO] PluginManager:220 - loadIPPluginJar : add fmc
2026-05-06 17:45:38,736 [INFO] IPUIPlugin:80 - create IPUIPlugin
2026-05-06 17:45:38,736 [INFO] PluginManager:220 - loadIPPluginJar : add freertos
2026-05-06 17:45:38,738 [INFO] IPUIPlugin:80 - create IPUIPlugin
2026-05-06 17:45:38,738 [INFO] PluginManager:220 - loadIPPluginJar : add genericplugin
2026-05-06 17:45:38,739 [INFO] IPUIPlugin:80 - create IPUIPlugin
2026-05-06 17:45:38,739 [INFO] PluginManager:220 - loadIPPluginJar : add gfxmmu
2026-05-06 17:45:38,743 [INFO] IPUIPlugin:80 - create IPUIPlugin
2026-05-06 17:45:38,744 [INFO] PluginManager:220 - loadIPPluginJar : add gic
2026-05-06 17:45:38,746 [INFO] IPUIPlugin:80 - create IPUIPlugin
2026-05-06 17:45:38,747 [INFO] PluginManager:220 - loadIPPluginJar : add gpio
2026-05-06 17:45:38,748 [INFO] IPUIPlugin:80 - create IPUIPlugin
2026-05-06 17:45:38,748 [INFO] PluginManager:220 - loadIPPluginJar : add gtzc
2026-05-06 17:45:38,750 [INFO] IPUIPlugin:80 - create IPUIPlugin
2026-05-06 17:45:38,750 [INFO] PluginManager:220 - loadIPPluginJar : add hash
2026-05-06 17:45:38,752 [INFO] IPUIPlugin:80 - create IPUIPlugin
2026-05-06 17:45:38,752 [INFO] PluginManager:220 - loadIPPluginJar : add i2c
2026-05-06 17:45:38,753 [INFO] IPUIPlugin:80 - create IPUIPlugin
2026-05-06 17:45:38,753 [INFO] PluginManager:220 - loadIPPluginJar : add i2s
2026-05-06 17:45:38,756 [INFO] IPUIPlugin:80 - create IPUIPlugin
2026-05-06 17:45:38,756 [INFO] PluginManager:220 - loadIPPluginJar : add i3c
2026-05-06 17:45:38,758 [INFO] IPUIPlugin:80 - create IPUIPlugin
2026-05-06 17:45:38,758 [INFO] PluginManager:220 - loadIPPluginJar : add ipddr
2026-05-06 17:45:38,763 [INFO] IPUIPlugin:80 - create IPUIPlugin
2026-05-06 17:45:38,764 [INFO] PluginManager:220 - loadIPPluginJar : add linkedlist
2026-05-06 17:45:38,766 [INFO] IPUIPlugin:80 - create IPUIPlugin
2026-05-06 17:45:38,766 [INFO] PluginManager:220 - loadIPPluginJar : add lorawan
2026-05-06 17:45:38,767 [INFO] IPUIPlugin:80 - create IPUIPlugin
2026-05-06 17:45:38,767 [INFO] PluginManager:220 - loadIPPluginJar : add ltdc
2026-05-06 17:45:38,771 [INFO] IPUIPlugin:80 - create IPUIPlugin
2026-05-06 17:45:38,771 [INFO] PluginManager:220 - loadIPPluginJar : add mdma
2026-05-06 17:45:38,773 [INFO] IPUIPlugin:80 - create IPUIPlugin
2026-05-06 17:45:38,773 [INFO] PluginManager:220 - loadIPPluginJar : add nvic
2026-05-06 17:45:38,775 [INFO] IPUIPlugin:80 - create IPUIPlugin
2026-05-06 17:45:38,775 [INFO] PluginManager:220 - loadIPPluginJar : add opamp
2026-05-06 17:45:38,776 [INFO] IPUIPlugin:80 - create IPUIPlugin
2026-05-06 17:45:38,776 [INFO] PluginManager:220 - loadIPPluginJar : add openamp
2026-05-06 17:45:38,778 [INFO] IPUIPlugin:80 - create IPUIPlugin
2026-05-06 17:45:38,778 [INFO] PluginManager:220 - loadIPPluginJar : add pdm2pcm
2026-05-06 17:45:38,782 [INFO] IPUIPlugin:80 - create IPUIPlugin
2026-05-06 17:45:38,783 [INFO] PluginManager:220 - loadIPPluginJar : add plateformsettings
2026-05-06 17:45:38,785 [INFO] IPUIPlugin:80 - create IPUIPlugin
2026-05-06 17:45:38,785 [INFO] PluginManager:220 - loadIPPluginJar : add quadspi
2026-05-06 17:45:38,786 [INFO] IPUIPlugin:80 - create IPUIPlugin
2026-05-06 17:45:38,786 [INFO] PluginManager:220 - loadIPPluginJar : add radio
2026-05-06 17:45:38,789 [INFO] IPUIPlugin:80 - create IPUIPlugin
2026-05-06 17:45:38,789 [INFO] PluginManager:220 - loadIPPluginJar : add resmgrutility
2026-05-06 17:45:38,791 [INFO] IPUIPlugin:80 - create IPUIPlugin
2026-05-06 17:45:38,791 [INFO] PluginManager:220 - loadIPPluginJar : add sai
2026-05-06 17:45:38,794 [INFO] IPUIPlugin:80 - create IPUIPlugin
2026-05-06 17:45:38,794 [INFO] PluginManager:220 - loadIPPluginJar : add spi
2026-05-06 17:45:38,798 [INFO] IPUIPlugin:80 - create IPUIPlugin
2026-05-06 17:45:38,798 [INFO] PluginManager:220 - loadIPPluginJar : add stm32_wpan
2026-05-06 17:45:38,799 [INFO] IPUIPlugin:80 - create IPUIPlugin
2026-05-06 17:45:38,799 [INFO] PluginManager:220 - loadIPPluginJar : add tim
2026-05-06 17:45:38,801 [INFO] IPUIPlugin:80 - create IPUIPlugin
2026-05-06 17:45:38,801 [INFO] PluginManager:220 - loadIPPluginJar : add touchsensing
2026-05-06 17:45:38,802 [INFO] IPUIPlugin:80 - create IPUIPlugin
2026-05-06 17:45:38,802 [INFO] PluginManager:220 - loadIPPluginJar : add tracer_emb
2026-05-06 17:45:38,803 [INFO] IPUIPlugin:80 - create IPUIPlugin
2026-05-06 17:45:38,803 [INFO] PluginManager:220 - loadIPPluginJar : add ts
2026-05-06 17:45:38,804 [INFO] IPUIPlugin:80 - create IPUIPlugin
2026-05-06 17:45:38,804 [INFO] PluginManager:220 - loadIPPluginJar : add tsc
2026-05-06 17:45:38,806 [INFO] IPUIPlugin:80 - create IPUIPlugin
2026-05-06 17:45:38,807 [INFO] PluginManager:220 - loadIPPluginJar : add ucpd
2026-05-06 17:45:38,808 [INFO] IPUIPlugin:80 - create IPUIPlugin
2026-05-06 17:45:38,808 [INFO] PluginManager:220 - loadIPPluginJar : add usart
2026-05-06 17:45:38,810 [INFO] IPUIPlugin:80 - create IPUIPlugin
2026-05-06 17:45:38,810 [INFO] PluginManager:220 - loadIPPluginJar : add usbx
2026-05-06 17:45:38,921 [FATAL] Updater:351 - Updater called before beeing initialized
2026-05-06 17:45:38,945 [INFO] RulesReader:64 - Compatibility file has been processed (301 Rules)
2026-05-06 17:45:38,955 [INFO] RulesReader:64 - Compatibility file has been processed (301 Rules)
2026-05-06 17:45:38,964 [INFO] CADModel:165 - CPN selected for project level
2026-05-06 17:45:38,964 [INFO] CADModel:114 - Register for checkConnection events
2026-05-06 17:45:38,964 [FATAL] Updater:351 - Updater called before beeing initialized
2026-05-06 17:45:38,964 [ERROR] CADModel:125 - Updater not yet initialized, retry later 
2026-05-06 17:45:39,081 [FATAL] Updater:351 - Updater called before beeing initialized
2026-05-06 17:45:39,083 [INFO] CADModel:165 - CPN selected for project level
2026-05-06 17:45:39,083 [INFO] CADModel:114 - Register for checkConnection events
2026-05-06 17:45:39,084 [FATAL] Updater:351 - Updater called before beeing initialized
2026-05-06 17:45:39,084 [ERROR] CADModel:125 - Updater not yet initialized, retry later 
2026-05-06 17:45:39,086 [FATAL] Updater:351 - Updater called before beeing initialized
2026-05-06 17:45:39,177 [FATAL] Updater:351 - Updater called before beeing initialized
2026-05-06 17:45:39,180 [INFO] DbMcusAds:53 - JSON generation date=Mon Apr 27 18:14:29 AEST 2026 (1777277669683)
2026-05-06 17:45:39,180 [FATAL] Updater:351 - Updater called before beeing initialized
2026-05-06 17:45:39,203 [WARN] DetailPanel:346 - Failed to get advertising image, set to default
2026-05-06 17:45:39,379 [FATAL] Updater:351 - Updater called before beeing initialized
2026-05-06 17:45:39,380 [FATAL] Updater:351 - Updater called before beeing initialized
2026-05-06 17:45:39,380 [FATAL] Updater:351 - Updater called before beeing initialized
2026-05-06 17:45:39,380 [WARN] DetailPanel:346 - Failed to get advertising image, set to default
2026-05-06 17:45:39,382 [FATAL] Updater:351 - Updater called before beeing initialized
2026-05-06 17:45:39,411 [ERROR] Updater:1198 - MainUpdater not yet initialized. External WinMGr cannot be set.
2026-05-06 17:45:39,412 [INFO] Updater:1134 - Updater Version found : 6.14.0
2026-05-06 17:45:39,423 [INFO] ApplicationProperties:184 - Using Application install path: D:\ST\STM32CubeIDE_1.18.0\STM32CubeIDE\plugins\com.st.stm32cube.common.mx_6.14.0.202502271554
2026-05-06 17:45:40,985 [ERROR] LogOutputStream:75 - [STDERR_REDIRECT] May 06, 2026 5:45:40 PM java.util.prefs.WindowsPreferences <init>
2026-05-06 17:45:40,986 [ERROR] LogOutputStream:75 - [STDERR_REDIRECT] WARNING: Could not open/create prefs root node Software\JavaSoft\Prefs at root 0xffffffff80000002. Windows RegCreateKeyEx(...) returned error code 5.
2026-05-06 17:45:40,986 [ERROR] LogOutputStream:75 - [STDERR_REDIRECT] 
2026-05-06 17:45:41,171 [INFO] MainUpdater:2872 - connection check result : 10
2026-05-06 17:45:41,172 [INFO] MainUpdater:289 - Updater Check For Update Now.
2026-05-06 17:45:41,172 [INFO] MicroXplorer:498 - Change Database Version : DB.6.0.140
2026-05-06 17:45:41,177 [INFO] McuFinderGlobals:63 - Set McuFinder mode to 2 (CubeIDE integrated)
2026-05-06 17:45:41,177 [INFO] UserAuth:486 - Internet connection configuration mode: 1
2026-05-06 17:45:41,201 [INFO] JxBrowserEngine:152 - Initiate JxBrowser Engine with user profile folder
2026-05-06 17:45:41,341 [INFO] CheckServerUpdateThread:120 - End of CheckServer Thread
2026-05-06 17:45:41,578 [WARN] PackLoader:240 - Cannot read IP mode file for STMicroelectronics.X-CUBE-AZRTOS-H7.3.5.0
2026-05-06 17:45:41,587 [WARN] PackLoader:240 - Cannot read IP mode file for STMicroelectronics.FP-ATR-ASTRA1.2.0.2
2026-05-06 17:45:41,593 [WARN] PackLoader:240 - Cannot read IP mode file for STMicroelectronics.X-CUBE-SMBUS.2.1.0
2026-05-06 17:45:41,606 [WARN] PackLoader:240 - Cannot read IP mode file for STMicroelectronics.X-CUBE-AZRTOS-F7.1.1.0
2026-05-06 17:45:41,611 [ERROR] Engine:466 - C:\Users\JH\.stm32cubemx\thirdparties\pdsc\STMicroelectronics.FP-SNS-MOTENV1.5.1.0.pdsc: PDSC version is not supported
2026-05-06 17:45:41,614 [ERROR] Engine:466 - C:\Users\JH\.stm32cubemx\thirdparties\pdsc\WES.I-CUBE-Cesium.1.4.0.pdsc: PDSC version is not supported
2026-05-06 17:45:41,620 [WARN] PackLoader:240 - Cannot read IP mode file for STMicroelectronics.X-CUBE-DISPLAY.3.0.0
2026-05-06 17:45:41,632 [WARN] PackLoader:240 - Cannot read IP mode file for STMicroelectronics.X-CUBE-GNSS1.7.1.1
2026-05-06 17:45:41,635 [ERROR] Engine:466 - C:\Users\JH\.stm32cubemx\thirdparties\pdsc\STMicroelectronics.FP-SNS-MOTENVWB1.1.5.0.pdsc: PDSC version is not supported
2026-05-06 17:45:41,639 [WARN] PackLoader:240 - Cannot read IP mode file for STMicroelectronics.X-CUBE-NFC10.1.0.0
2026-05-06 17:45:41,645 [WARN] PackLoader:240 - Cannot read IP mode file for STMicroelectronics.X-CUBE-ST60.1.1.0
2026-05-06 17:45:41,651 [WARN] PackLoader:240 - Cannot read IP mode file for emotas.I-CUBE-CANOPEN.1.3.0
2026-05-06 17:45:41,658 [WARN] PackLoader:240 - Cannot read IP mode file for STMicroelectronics.X-CUBE-GNSS1.7.1.0
2026-05-06 17:45:41,662 [ERROR] Engine:466 - C:\Users\JH\.stm32cubemx\thirdparties\pdsc\STMicroelectronics.FP-SNS-STBOX1.2.1.0.pdsc: PDSC version is not supported
2026-05-06 17:45:41,667 [WARN] PackLoader:240 - Cannot read IP mode file for STMicroelectronics.FP-SNS-SMARTAG2.1.2.0
2026-05-06 17:45:41,671 [WARN] PackLoader:240 - Cannot read IP mode file for STMicroelectronics.FP-SNS-FLIGHT1.5.1.0
2026-05-06 17:45:41,678 [INFO] LogOutputStream:77 - [STDOUT_REDIRECT] 1 : Invalid condition id : UX_CORESTACK_Condition cause : null
2026-05-06 17:45:41,679 [INFO] LogOutputStream:77 - [STDOUT_REDIRECT] 1 : Invalid condition id : UX_CORESTACK_Condition cause : null
2026-05-06 17:45:41,679 [INFO] LogOutputStream:77 - [STDOUT_REDIRECT] 1 : Invalid condition id : UX_CORESTACK_Condition cause : null
2026-05-06 17:45:41,680 [INFO] LogOutputStream:77 - [STDOUT_REDIRECT] 1 : Invalid condition id : UX_CORESTACK_Condition cause : null
2026-05-06 17:45:41,680 [INFO] LogOutputStream:77 - [STDOUT_REDIRECT] 1 : Invalid condition id : UX_CORESTACK_Condition cause : null
2026-05-06 17:45:41,684 [WARN] PackLoader:240 - Cannot read IP mode file for STMicroelectronics.X-CUBE-AZRTOS-WL.2.0.0
2026-05-06 17:45:41,703 [WARN] PackLoader:240 - Cannot read IP mode file for STMicroelectronics.X-CUBE-AZRTOS-H7RS.1.2.0
2026-05-06 17:45:41,709 [WARN] PackLoader:240 - Cannot read IP mode file for STMicroelectronics.X-CUBE-BLE2.3.3.0
2026-05-06 17:45:41,743 [WARN] PackLoader:240 - Cannot read IP mode file for Infineon.AIROC-Wi-Fi-Bluetooth-STM32.1.8.0
2026-05-06 17:45:41,749 [INFO] WebApp:169 - Instantiating new browser for Auth
2026-05-06 17:45:41,751 [WARN] PackLoader:240 - Cannot read IP mode file for STMicroelectronics.X-CUBE-NFC9.1.0.0
2026-05-06 17:45:41,756 [WARN] PackLoader:240 - Cannot read IP mode file for STMicroelectronics.X-CUBE-BLE1.7.1.0
2026-05-06 17:45:41,758 [WARN] PackLoader:240 - Cannot read IP mode file for wolfSSL.I-CUBE-wolfMQTT.1.19.2
2026-05-06 17:45:41,762 [WARN] PackLoader:240 - Cannot read IP mode file for STMicroelectronics.X-CUBE-EEPRMA1.5.2.0
2026-05-06 17:45:41,768 [WARN] PackLoader:240 - Cannot read IP mode file for wolfSSL.I-CUBE-wolfSSL.5.8.4
2026-05-06 17:45:41,774 [WARN] PackLoader:240 - Cannot read IP mode file for Cesanta.I-CUBE-Mongoose.7.20.0
2026-05-06 17:45:41,777 [ERROR] Engine:466 - C:\Users\JH\.stm32cubemx\thirdparties\pdsc\STMicroelectronics.FP-SNS-STAIOTCFT.1.1.0.pdsc: PDSC version is not supported
2026-05-06 17:45:41,809 [WARN] PackLoader:240 - Cannot read IP mode file for STMicroelectronics.X-CUBE-MEMS1.12.0.0
2026-05-06 17:45:41,923 [WARN] PackLoader:240 - Cannot read IP mode file for STMicroelectronics.X-CUBE-AZRTOS-G0.1.1.0
2026-05-06 17:45:41,937 [WARN] PackLoader:240 - Cannot read IP mode file for STMicroelectronics.X-CUBE-NFC4.3.0.0
2026-05-06 17:45:41,950 [WARN] PackLoader:240 - Cannot read IP mode file for EmbeddedOffice.I-CUBE-FS-RTOS.1.0.1
2026-05-06 17:45:41,955 [WARN] PackLoader:240 - Cannot read IP mode file for STMicroelectronics.X-CUBE-WB05N.2.0.0
2026-05-06 17:45:42,098 [WARN] PackLoader:240 - Cannot read IP mode file for wolfSSL.I-CUBE-wolfTPM.3.8.0
2026-05-06 17:45:42,101 [WARN] PackLoader:240 - Cannot read IP mode file for STMicroelectronics.X-CUBE-TCPP.4.2.0
2026-05-06 17:45:42,108 [WARN] PackLoader:240 - Cannot read IP mode file for RealThread.X-CUBE-RT-Thread_Nano.4.1.1
2026-05-06 17:45:42,112 [WARN] PackLoader:240 - Cannot read IP mode file for STMicroelectronics.FP-ATR-SIGFOX1.3.2.0
2026-05-06 17:45:42,115 [ERROR] Engine:466 - C:\Users\JH\.stm32cubemx\thirdparties\pdsc\STMicroelectronics.X-CUBE-FREERTOS.1.5.0.pdsc: PDSC version is not supported
2026-05-06 17:45:42,118 [WARN] PackLoader:240 - Cannot read IP mode file for ITTIA_DB.I-CUBE-ITTIADB.8.9.0
2026-05-06 17:45:42,123 [WARN] PackLoader:240 - Cannot read IP mode file for STMicroelectronics.X-CUBE-NFC6.3.2.0
2026-05-06 17:45:42,129 [WARN] PackLoader:240 - Cannot read IP mode file for STMicroelectronics.X-CUBE-AI.10.2.0
2026-05-06 17:45:42,167 [WARN] PackLoader:240 - Cannot read IP mode file for STMicroelectronics.X-CUBE-MEMS1.12.1.0
2026-05-06 17:45:42,227 [WARN] PackLoader:240 - Cannot read IP mode file for SEGGER.I-CUBE-embOS.1.3.1
2026-05-06 17:45:42,250 [WARN] PackLoader:240 - Cannot read IP mode file for STMicroelectronics.X-CUBE-ALGOBUILD.1.4.0
2026-05-06 17:45:42,253 [WARN] PackLoader:240 - Cannot read IP mode file for STMicroelectronics.X-CUBE-PM33A1.1.0.0
2026-05-06 17:45:42,260 [WARN] PackLoader:240 - Cannot read IP mode file for STMicroelectronics.X-CUBE-AZRTOS-F4.1.1.0
2026-05-06 17:45:42,264 [WARN] PackLoader:240 - Cannot read IP mode file for STMicroelectronics.X-CUBE-ISPU.2.1.0
2026-05-06 17:45:42,267 [ERROR] Engine:466 - C:\Users\JH\.stm32cubemx\thirdparties\pdsc\STMicroelectronics.X-CUBE-IPS.3.2.0.pdsc: PDSC version is not supported
2026-05-06 17:45:42,270 [WARN] PackLoader:240 - Cannot read IP mode file for STMicroelectronics.eDS-WB_DPC_TT-BIDIR.2.1.1
2026-05-06 17:45:42,273 [WARN] PackLoader:240 - Cannot read IP mode file for STMicroelectronics.X-CUBE-NFC12.1.0.0
2026-05-06 17:45:42,281 [WARN] PackLoader:240 - Cannot read IP mode file for STMicroelectronics.X-CUBE-AZRTOS-L5.2.0.0
2026-05-06 17:45:42,286 [WARN] PackLoader:240 - Cannot read IP mode file for STMicroelectronics.eDS-WB_DPC_VIENNA.1.2.0
2026-05-06 17:45:42,289 [WARN] PackLoader:240 - Cannot read IP mode file for STMicroelectronics.eDS-WB_DPC_3PH2L-BIDIR.1.1.1
2026-05-06 17:45:42,291 [ERROR] Engine:466 - C:\Users\JH\.stm32cubemx\thirdparties\pdsc\STMicroelectronics.X-CUBE-ST67W61.1.3.0.pdsc: PDSC version is not supported
2026-05-06 17:45:42,294 [WARN] PackLoader:240 - Cannot read IP mode file for STMicroelectronics.X-CUBE-TOUCHGFX.4.26.1
2026-05-06 17:45:42,297 [WARN] PackLoader:240 - Cannot read IP mode file for STMicroelectronics.FP-SNS-STAIOTCFT.1.0.0
2026-05-06 17:45:42,301 [WARN] PackLoader:240 - Cannot read IP mode file for STMicroelectronics.X-CUBE-DPower.1.3.0
2026-05-06 17:45:42,309 [WARN] ConditionMgr:438 - getConditionDescription Invalid condition id : LAN8742 Phy interface Condition cause : null
2026-05-06 17:45:42,309 [WARN] PackLoader:240 - Cannot read IP mode file for STMicroelectronics.X-CUBE-AZRTOS-L4.2.0.0
2026-05-06 17:45:42,310 [WARN] ConditionMgr:1044 - genDependencies : Invalid condition id : LAN8742 Phy interface Condition cause : null
2026-05-06 17:45:42,310 [WARN] ConditionMgr:1044 - genDependencies : Invalid condition id : LAN8742 Phy interface Condition cause : null
2026-05-06 17:45:42,310 [WARN] ConditionMgr:1044 - genDependencies : Invalid condition id : LAN8742 Phy interface Condition cause : null
2026-05-06 17:45:42,315 [WARN] PackLoader:240 - Cannot read IP mode file for STMicroelectronics.X-CUBE-SFXS2LP1.4.0.0
2026-05-06 17:45:42,318 [WARN] PackLoader:240 - Cannot read IP mode file for STMicroelectronics.X-CUBE-WB05N.2.1.0
2026-05-06 17:45:42,320 [ERROR] Engine:466 - C:\Users\JH\.stm32cubemx\thirdparties\pdsc\STMicroelectronics.X-CUBE-ST67W61.1.2.0.pdsc: PDSC version is not supported
2026-05-06 17:45:42,325 [WARN] PackLoader:240 - Cannot read IP mode file for STMicroelectronics.X-CUBE-BLEMGR.4.1.0
2026-05-06 17:45:42,332 [WARN] ConditionMgr:438 - getConditionDescription Invalid condition id : UX DEVICE CLASS RTOS Condition cause : null
2026-05-06 17:45:42,333 [WARN] ConditionMgr:438 - getConditionDescription Invalid condition id : UX DEVICE CLASS RTOS Condition cause : null
2026-05-06 17:45:42,333 [WARN] PackLoader:240 - Cannot read IP mode file for STMicroelectronics.X-CUBE-AZRTOS-WB.2.0.0
2026-05-06 17:45:42,334 [WARN] ConditionMgr:1044 - genDependencies : Invalid condition id : UX DEVICE CLASS RTOS Condition cause : null
2026-05-06 17:45:42,334 [WARN] ConditionMgr:1044 - genDependencies : Invalid condition id : UX DEVICE CLASS RTOS Condition cause : null
2026-05-06 17:45:42,334 [WARN] ConditionMgr:1044 - genDependencies : Invalid condition id : UX DEVICE CLASS RTOS Condition cause : null
2026-05-06 17:45:42,334 [WARN] ConditionMgr:1044 - genDependencies : Invalid condition id : UX DEVICE CLASS RTOS Condition cause : null
2026-05-06 17:45:42,334 [WARN] ConditionMgr:1044 - genDependencies : Invalid condition id : UX DEVICE CLASS RTOS Condition cause : null
2026-05-06 17:45:42,338 [WARN] ConditionMgr:438 - getConditionDescription Invalid condition id : Cortex-A Device cause : null
2026-05-06 17:45:42,353 [WARN] ConditionMgr:1044 - genDependencies : Invalid condition id : Cortex-A Device cause : null
2026-05-06 17:45:42,353 [WARN] ConditionMgr:1044 - genDependencies : Invalid condition id : Cortex-A Device cause : null
2026-05-06 17:45:42,353 [WARN] ConditionMgr:1044 - genDependencies : Invalid condition id : Cortex-A Device cause : null
2026-05-06 17:45:42,358 [WARN] PackLoader:240 - Cannot read IP mode file for STMicroelectronics.X-CUBE-STSE01.2.0.0
2026-05-06 17:45:42,364 [WARN] PackLoader:240 - Cannot read IP mode file for STMicroelectronics.X-CUBE-SUBG2.5.0.0
2026-05-06 17:45:42,378 [WARN] PackLoader:240 - Cannot read IP mode file for STMicroelectronics.X-CUBE-AZRTOS-G4.2.0.0
2026-05-06 17:45:42,387 [WARN] PackLoader:240 - Cannot read IP mode file for wolfSSL.I-CUBE-wolfSSH.1.4.20
2026-05-06 17:45:42,395 [WARN] PackLoader:240 - Cannot read IP mode file for STMicroelectronics.X-CUBE-NFC7.2.0.0
2026-05-06 17:45:42,402 [WARN] PackLoader:240 - Cannot read IP mode file for STMicroelectronics.X-CUBE-ALS.1.0.2
2026-05-06 17:45:42,414 [WARN] PackLoader:240 - Cannot read IP mode file for STMicroelectronics.X-CUBE-TOF1.3.4.3
2026-05-06 17:45:42,424 [INFO] ThirdParty:978 - Integrity check success = true
2026-05-06 17:45:42,424 [INFO] IntegrityCheckThread:100 - exiting critical section [integrity check]
2026-05-06 17:45:42,424 [INFO] IntegrityCheckThread:103 - End integrity checks thread
2026-05-06 17:45:42,536 [INFO] WebApp:463 - Apply proxy settings
2026-05-06 17:45:42,537 [INFO] WebApp:548 - Chromium requires no authentication
2026-05-06 17:45:42,545 [INFO] WebApp:491 - Direct internet connection detected
2026-05-06 17:45:42,566 [INFO] WebApp:894 - Register for checkConnection events
2026-05-06 17:45:42,566 [INFO] WebApp:463 - Apply proxy settings
2026-05-06 17:45:42,567 [INFO] WebApp:548 - Chromium requires no authentication
2026-05-06 17:45:42,568 [INFO] WebApp:491 - Direct internet connection detected
2026-05-06 17:45:42,677 [INFO] WebApp:225 - Starting web application
2026-05-06 17:45:42,677 [INFO] WebApp:593 - Web application path used D:\ST\STM32CubeIDE_1.18.0\STM32CubeIDE\plugins\com.st.stm32cube.common.mx_6.14.0.202502271554\db\plugins\mcufinder\reactClient1\index.html
2026-05-06 17:45:42,745 [INFO] UserAuth:486 - Internet connection configuration mode: 1
2026-05-06 17:45:42,995 [INFO] WebApp:191 - Connection restablished
2026-05-06 18:15:52,269 [INFO] WebApp:194 - Connection lost
2026-05-06 18:16:03,279 [INFO] WebApp:191 - Connection restablished
2026-05-06 18:16:03,312 [INFO] WebApp:194 - Connection lost
2026-05-06 18:16:04,232 [INFO] WebApp:191 - Connection restablished
2026-05-06 18:16:06,279 [INFO] WebApp:194 - Connection lost
2026-05-06 18:16:06,562 [INFO] WebApp:191 - Connection restablished
2026-05-06 18:16:09,636 [INFO] WebApp:194 - Connection lost
2026-05-06 18:16:09,932 [INFO] WebApp:191 - Connection restablished
2026-05-06 18:16:12,624 [INFO] WebApp:194 - Connection lost
2026-05-06 18:16:12,963 [INFO] WebApp:191 - Connection restablished
2026-05-06 18:17:50,658 [INFO] WebApp:194 - Connection lost
2026-05-06 18:17:51,344 [INFO] WebApp:191 - Connection restablished
2026-05-06 18:18:05,790 [INFO] WebApp:194 - Connection lost
2026-05-06 18:18:10,939 [INFO] WebApp:191 - Connection restablished
2026-05-07 16:49:08,274 [INFO] Activator:176 - 


2026-05-07 16:49:08,277 [INFO] Activator:177 - !SESSION log4j initialized
2026-05-07 16:49:24,448 [INFO] LogOutputStream:77 - [STDOUT_REDIRECT] 
2026-05-07 16:49:35,157 [INFO] ApplicationProperties:184 - Using Application install path: D:\ST\STM32CubeIDE_1.18.0\STM32CubeIDE\plugins\com.st.stm32cube.common.mx_6.14.0.202502271554
2026-05-07 16:49:35,178 [INFO] DbMcusXml:78 - Set database path to: D:\ST\STM32CubeIDE_1.18.0\STM32CubeIDE\plugins\com.st.stm32cube.common.mx_6.14.0.202502271554\\db\/mcu/
2026-05-07 16:49:35,178 [INFO] ApiDb:274 - Set plugin database path to: D:\ST\STM32CubeIDE_1.18.0\STM32CubeIDE\plugins\com.st.stm32cube.common.mx_6.14.0.202502271554\\db\/plugins/boardmanager/
2026-05-07 16:49:35,178 [WARN] ApiDb:259 - Overriding images path with different value:  => D:\ST\STM32CubeIDE_1.18.0\STM32CubeIDE\plugins\com.st.stm32cube.common.mx_6.14.0.202502271554\\db\/plugins/mcufinder/images/
2026-05-07 16:49:35,185 [INFO] ApiDb:250 - Set database path to: C:\Users\JH\.stmcufinder\plugins\mcufinder//mcu/
2026-05-07 16:49:35,186 [INFO] DbMcusAds:125 - Set database path to: C:\Users\JH\.stmcufinder\plugins\mcufinder//mcu/
2026-05-07 16:49:35,244 [INFO] CrossReferenceDbSqlite:203 - Set database path to: C:\Users\JH\.stmcufinder\plugins\mcufinder//mcu/cs/
2026-05-07 16:49:35,474 [INFO] RulesReader:64 - Compatibility file has been processed (301 Rules)
2026-05-07 16:49:35,599 [INFO] DbMcusXml:78 - Set database path to: D:\ST\STM32CubeIDE_1.18.0\STM32CubeIDE\plugins\com.st.stm32cube.common.mx_6.14.0.202502271554\\db\/mcu/
2026-05-07 16:49:35,599 [INFO] ApiDb:274 - Set plugin database path to: D:\ST\STM32CubeIDE_1.18.0\STM32CubeIDE\plugins\com.st.stm32cube.common.mx_6.14.0.202502271554\\db\/plugins/boardmanager/
2026-05-07 16:49:35,599 [INFO] ApiDb:261 - Set plugin images path to: D:\ST\STM32CubeIDE_1.18.0\STM32CubeIDE\plugins\com.st.stm32cube.common.mx_6.14.0.202502271554\\db\/plugins/mcufinder/images/
2026-05-07 16:49:35,600 [WARN] DbFile:41 - Overriding database path with different value: C:\Users\JH\.stmcufinder\plugins\mcufinder/ => C:\Users\JH\.stmcufinder\plugins\mcufinder
2026-05-07 16:49:35,600 [INFO] ApiDb:250 - Set database path to: C:\Users\JH\.stmcufinder\plugins\mcufinder//mcu/
2026-05-07 16:49:35,600 [WARN] DbFile:41 - Overriding database path with different value: C:\Users\JH\.stmcufinder\plugins\mcufinder/ => C:\Users\JH\.stmcufinder\plugins\mcufinder
2026-05-07 16:49:35,600 [INFO] DbMcusAds:125 - Set database path to: C:\Users\JH\.stmcufinder\plugins\mcufinder//mcu/
2026-05-07 16:49:35,600 [WARN] DbFile:41 - Overriding database path with different value: C:\Users\JH\.stmcufinder\plugins\mcufinder/ => C:\Users\JH\.stmcufinder\plugins\mcufinder
2026-05-07 16:49:35,600 [WARN] DbFile:41 - Overriding database path with different value: C:\Users\JH\.stmcufinder\plugins\mcufinder/ => C:\Users\JH\.stmcufinder\plugins\mcufinder
2026-05-07 16:49:35,600 [INFO] CrossReferenceDbSqlite:203 - Set database path to: C:\Users\JH\.stmcufinder\plugins\mcufinder//mcu/cs/
2026-05-07 16:49:35,727 [INFO] MainPanel:272 - HeapMemory: 279969792
2026-05-07 16:49:35,868 [INFO] DbMcusXml:78 - Set database path to: D:\ST\STM32CubeIDE_1.18.0\STM32CubeIDE\plugins\com.st.stm32cube.common.mx_6.14.0.202502271554\\db\/mcu/
2026-05-07 16:49:35,868 [INFO] ApiDb:274 - Set plugin database path to: D:\ST\STM32CubeIDE_1.18.0\STM32CubeIDE\plugins\com.st.stm32cube.common.mx_6.14.0.202502271554\\db\/plugins/boardmanager/
2026-05-07 16:49:35,868 [INFO] ApiDb:261 - Set plugin images path to: D:\ST\STM32CubeIDE_1.18.0\STM32CubeIDE\plugins\com.st.stm32cube.common.mx_6.14.0.202502271554\\db\/plugins/mcufinder/images/
2026-05-07 16:49:35,869 [WARN] DbFile:41 - Overriding database path with different value: C:\Users\JH\.stmcufinder\plugins\mcufinder/ => C:\Users\JH\.stmcufinder\plugins\mcufinder
2026-05-07 16:49:35,869 [INFO] ApiDb:250 - Set database path to: C:\Users\JH\.stmcufinder\plugins\mcufinder//mcu/
2026-05-07 16:49:35,869 [WARN] DbFile:41 - Overriding database path with different value: C:\Users\JH\.stmcufinder\plugins\mcufinder/ => C:\Users\JH\.stmcufinder\plugins\mcufinder
2026-05-07 16:49:35,869 [INFO] DbMcusAds:125 - Set database path to: C:\Users\JH\.stmcufinder\plugins\mcufinder//mcu/
2026-05-07 16:49:35,869 [WARN] DbFile:41 - Overriding database path with different value: C:\Users\JH\.stmcufinder\plugins\mcufinder/ => C:\Users\JH\.stmcufinder\plugins\mcufinder
2026-05-07 16:49:35,869 [WARN] DbFile:41 - Overriding database path with different value: C:\Users\JH\.stmcufinder\plugins\mcufinder/ => C:\Users\JH\.stmcufinder\plugins\mcufinder
2026-05-07 16:49:35,869 [INFO] CrossReferenceDbSqlite:203 - Set database path to: C:\Users\JH\.stmcufinder\plugins\mcufinder//mcu/cs/
2026-05-07 16:49:35,893 [INFO] ApplicationProperties:184 - Using Application install path: D:\ST\STM32CubeIDE_1.18.0\STM32CubeIDE\plugins\com.st.stm32cube.common.mx_6.14.0.202502271554
2026-05-07 16:49:35,895 [INFO] PluginManage:196 - Search for loadable plugins [exclusion list=, ]
2026-05-07 16:49:35,897 [INFO] PluginManage:310 - Check plugin analytics
2026-05-07 16:49:45,297 [INFO] AnalyticsPlugin:253 - Accepted Software Licenses: 
2026-05-07 16:49:45,297 [INFO] AnalyticsPlugin:255 - Accepted CMSIS Pack Licenses: 
2026-05-07 16:49:45,298 [INFO] AnalyticsPlugin:257 - Accepted Firmware Licenses: FW.L4.1.18.0
2026-05-07 16:49:45,302 [INFO] PluginManage:359 - Loaded plugin analytics (category:tool,tabindex:-1)
2026-05-07 16:49:45,302 [INFO] PluginManage:310 - Check plugin cadmodel
2026-05-07 16:49:45,326 [INFO] CADModel:105 - Init CAD model plugin
2026-05-07 16:49:45,327 [INFO] PluginManage:359 - Loaded plugin cadmodel (category:power,tabindex:5)
2026-05-07 16:49:45,327 [INFO] PluginManage:310 - Check plugin clock
2026-05-07 16:49:45,349 [INFO] PluginManage:359 - Loaded plugin clock (category:base,tabindex:2)
2026-05-07 16:49:45,350 [INFO] PluginManage:310 - Check plugin ddr
2026-05-07 16:49:45,351 [INFO] PluginManage:359 - Loaded plugin ddr (category:tool,tabindex:6)
2026-05-07 16:49:45,352 [INFO] PluginManage:310 - Check plugin filemanager
2026-05-07 16:49:45,527 [INFO] PluginManage:359 - Loaded plugin filemanager (category:base,tabindex:10)
2026-05-07 16:49:45,527 [INFO] PluginManage:310 - Check plugin ipmanager
2026-05-07 16:49:45,536 [INFO] PluginManage:359 - Loaded plugin ipmanager (category:base,tabindex:5)
2026-05-07 16:49:45,536 [INFO] PluginManage:310 - Check plugin lpbam
2026-05-07 16:49:45,560 [INFO] PluginManage:359 - Loaded plugin lpbam (category:base,tabindex:0)
2026-05-07 16:49:45,560 [INFO] PluginManage:310 - Check plugin memorymap
2026-05-07 16:49:45,587 [INFO] PluginManage:359 - Loaded plugin memorymap (category:base,tabindex:4)
2026-05-07 16:49:45,587 [INFO] PluginManage:310 - Check plugin pinoutandconfiguration
2026-05-07 16:49:45,608 [INFO] PluginManage:359 - Loaded plugin pinoutandconfiguration (category:base,tabindex:1)
2026-05-07 16:49:45,609 [INFO] PluginManage:310 - Check plugin pinoutconfig
2026-05-07 16:49:45,728 [WARN] SupportedApi:132 - Cannot load RTOS API schema: s4s-elt-must-match.1: The content of 'definitions' must match (annotation?, (simpleType | complexType)?, (unique | key | keyref)*)). A problem was found starting at: attribute.
2026-05-07 16:49:45,903 [INFO] PluginManage:359 - Loaded plugin pinoutconfig (category:base,tabindex:0)
2026-05-07 16:49:45,903 [INFO] PluginManage:310 - Check plugin power
2026-05-07 16:49:45,933 [INFO] PluginManage:359 - Loaded plugin power (category:power,tabindex:4)
2026-05-07 16:49:45,933 [INFO] PluginManage:310 - Check plugin projectmanager
2026-05-07 16:49:45,954 [INFO] PluginManage:359 - Loaded plugin projectmanager (category:projectmanager,tabindex:4)
2026-05-07 16:49:45,954 [INFO] PluginManage:310 - Check plugin rif
2026-05-07 16:49:45,988 [INFO] PluginManage:359 - Loaded plugin rif (category:base,tabindex:3)
2026-05-07 16:49:45,988 [INFO] PluginManage:310 - Check plugin thirdparty
2026-05-07 16:49:46,383 [INFO] PluginManage:359 - Loaded plugin thirdparty (category:base,tabindex:-1)
2026-05-07 16:49:46,384 [INFO] PluginManage:310 - Check plugin tools
2026-05-07 16:49:46,384 [WARN] IntegrityCheckThread:84 - waiting for thirdparty lock release [integrity check]
2026-05-07 16:49:46,384 [INFO] IntegrityCheckThread:86 - entering critical section [integrity check]
2026-05-07 16:49:46,385 [INFO] ThirdPartyUpdaterWithRetryManager:70 - Updater plugin not ready yet. [1/15]
2026-05-07 16:49:46,448 [INFO] PluginManage:359 - Loaded plugin tools (category:base,tabindex:7)
2026-05-07 16:49:46,448 [INFO] PluginManage:310 - Check plugin tutovideos
2026-05-07 16:49:46,701 [INFO] PluginManage:359 - Loaded plugin tutovideos (category:base,tabindex:-1)
2026-05-07 16:49:46,701 [INFO] PluginManage:310 - Check plugin updater
2026-05-07 16:49:46,738 [INFO] PluginManage:359 - Loaded plugin updater (category:base,tabindex:12)
2026-05-07 16:49:46,738 [INFO] PluginManage:310 - Check plugin userauth
2026-05-07 16:49:46,742 [INFO] UserAuth:118 - Init User Auth plugin
2026-05-07 16:49:46,743 [INFO] PluginManage:359 - Loaded plugin userauth (category:base,tabindex:14)
2026-05-07 16:49:46,744 [INFO] PluginManage:283 - PluginManage : Loaded plugins [18]
2026-05-07 16:49:47,006 [INFO] PinOutPanel:1589 - setPackage(No Configuration,No Configuration)
2026-05-07 16:49:47,124 [INFO] CADModel:165 - CPN selected for project level
2026-05-07 16:49:47,125 [INFO] CADModel:114 - Register for checkConnection events
2026-05-07 16:49:47,162 [INFO] IPUIPlugin:80 - create IPUIPlugin
2026-05-07 16:49:47,163 [INFO] PluginManager:220 - loadIPPluginJar : add adc
2026-05-07 16:49:47,215 [INFO] IPUIPlugin:80 - create IPUIPlugin
2026-05-07 16:49:47,215 [INFO] PluginManager:220 - loadIPPluginJar : add aes
2026-05-07 16:49:47,267 [INFO] IPUIPlugin:80 - create IPUIPlugin
2026-05-07 16:49:47,267 [INFO] PluginManager:220 - loadIPPluginJar : add can
2026-05-07 16:49:47,296 [INFO] IPUIPlugin:80 - create IPUIPlugin
2026-05-07 16:49:47,296 [INFO] PluginManager:220 - loadIPPluginJar : add comp
2026-05-07 16:49:47,335 [INFO] IPUIPlugin:80 - create IPUIPlugin
2026-05-07 16:49:47,335 [INFO] PluginManager:220 - loadIPPluginJar : add cryp
2026-05-07 16:49:47,349 [INFO] IPUIPlugin:80 - create IPUIPlugin
2026-05-07 16:49:47,349 [INFO] PluginManager:220 - loadIPPluginJar : add ddr_ctrl_phy
2026-05-07 16:49:47,386 [INFO] IPUIPlugin:80 - create IPUIPlugin
2026-05-07 16:49:47,386 [INFO] PluginManager:220 - loadIPPluginJar : add dfsdm
2026-05-07 16:49:47,403 [INFO] IPUIPlugin:80 - create IPUIPlugin
2026-05-07 16:49:47,404 [INFO] PluginManager:220 - loadIPPluginJar : add dma
2026-05-07 16:49:47,449 [INFO] IPUIPlugin:80 - create IPUIPlugin
2026-05-07 16:49:47,450 [INFO] PluginManager:220 - loadIPPluginJar : add dma3
2026-05-07 16:49:47,505 [INFO] IPUIPlugin:80 - create IPUIPlugin
2026-05-07 16:49:47,505 [INFO] PluginManager:220 - loadIPPluginJar : add extmemmanager
2026-05-07 16:49:47,530 [INFO] IPUIPlugin:80 - create IPUIPlugin
2026-05-07 16:49:47,530 [INFO] PluginManager:220 - loadIPPluginJar : add fatfs
2026-05-07 16:49:47,602 [INFO] IPUIPlugin:80 - create IPUIPlugin
2026-05-07 16:49:47,603 [INFO] PluginManager:220 - loadIPPluginJar : add fmc
2026-05-07 16:49:47,622 [INFO] IPUIPlugin:80 - create IPUIPlugin
2026-05-07 16:49:47,622 [INFO] PluginManager:220 - loadIPPluginJar : add freertos
2026-05-07 16:49:47,648 [INFO] IPUIPlugin:80 - create IPUIPlugin
2026-05-07 16:49:47,648 [INFO] PluginManager:220 - loadIPPluginJar : add genericplugin
2026-05-07 16:49:47,755 [INFO] IPUIPlugin:80 - create IPUIPlugin
2026-05-07 16:49:47,755 [INFO] PluginManager:220 - loadIPPluginJar : add gfxmmu
2026-05-07 16:49:47,902 [INFO] IPUIPlugin:80 - create IPUIPlugin
2026-05-07 16:49:47,902 [INFO] PluginManager:220 - loadIPPluginJar : add gic
2026-05-07 16:49:47,919 [INFO] IPUIPlugin:80 - create IPUIPlugin
2026-05-07 16:49:47,919 [INFO] PluginManager:220 - loadIPPluginJar : add gpio
2026-05-07 16:49:48,040 [INFO] IPUIPlugin:80 - create IPUIPlugin
2026-05-07 16:49:48,040 [INFO] PluginManager:220 - loadIPPluginJar : add gtzc
2026-05-07 16:49:48,107 [INFO] IPUIPlugin:80 - create IPUIPlugin
2026-05-07 16:49:48,108 [INFO] PluginManager:220 - loadIPPluginJar : add hash
2026-05-07 16:49:48,208 [INFO] IPUIPlugin:80 - create IPUIPlugin
2026-05-07 16:49:48,208 [INFO] PluginManager:220 - loadIPPluginJar : add i2c
2026-05-07 16:49:48,276 [INFO] IPUIPlugin:80 - create IPUIPlugin
2026-05-07 16:49:48,277 [INFO] PluginManager:220 - loadIPPluginJar : add i2s
2026-05-07 16:49:48,325 [INFO] IPUIPlugin:80 - create IPUIPlugin
2026-05-07 16:49:48,326 [INFO] PluginManager:220 - loadIPPluginJar : add i3c
2026-05-07 16:49:48,450 [INFO] IPUIPlugin:80 - create IPUIPlugin
2026-05-07 16:49:48,450 [INFO] PluginManager:220 - loadIPPluginJar : add ipddr
2026-05-07 16:49:48,566 [INFO] IPUIPlugin:80 - create IPUIPlugin
2026-05-07 16:49:48,566 [INFO] PluginManager:220 - loadIPPluginJar : add linkedlist
2026-05-07 16:49:48,611 [INFO] IPUIPlugin:80 - create IPUIPlugin
2026-05-07 16:49:48,611 [INFO] PluginManager:220 - loadIPPluginJar : add lorawan
2026-05-07 16:49:48,655 [INFO] IPUIPlugin:80 - create IPUIPlugin
2026-05-07 16:49:48,655 [INFO] PluginManager:220 - loadIPPluginJar : add ltdc
2026-05-07 16:49:48,674 [INFO] IPUIPlugin:80 - create IPUIPlugin
2026-05-07 16:49:48,674 [INFO] PluginManager:220 - loadIPPluginJar : add mdma
2026-05-07 16:49:48,710 [INFO] IPUIPlugin:80 - create IPUIPlugin
2026-05-07 16:49:48,710 [INFO] PluginManager:220 - loadIPPluginJar : add nvic
2026-05-07 16:49:48,753 [INFO] IPUIPlugin:80 - create IPUIPlugin
2026-05-07 16:49:48,754 [INFO] PluginManager:220 - loadIPPluginJar : add opamp
2026-05-07 16:49:48,822 [INFO] IPUIPlugin:80 - create IPUIPlugin
2026-05-07 16:49:48,822 [INFO] PluginManager:220 - loadIPPluginJar : add openamp
2026-05-07 16:49:48,875 [INFO] IPUIPlugin:80 - create IPUIPlugin
2026-05-07 16:49:48,875 [INFO] PluginManager:220 - loadIPPluginJar : add pdm2pcm
2026-05-07 16:49:48,894 [INFO] IPUIPlugin:80 - create IPUIPlugin
2026-05-07 16:49:48,896 [INFO] PluginManager:220 - loadIPPluginJar : add plateformsettings
2026-05-07 16:49:48,925 [INFO] IPUIPlugin:80 - create IPUIPlugin
2026-05-07 16:49:48,925 [INFO] PluginManager:220 - loadIPPluginJar : add quadspi
2026-05-07 16:49:48,960 [INFO] IPUIPlugin:80 - create IPUIPlugin
2026-05-07 16:49:48,960 [INFO] PluginManager:220 - loadIPPluginJar : add radio
2026-05-07 16:49:48,978 [INFO] IPUIPlugin:80 - create IPUIPlugin
2026-05-07 16:49:48,978 [INFO] PluginManager:220 - loadIPPluginJar : add resmgrutility
2026-05-07 16:49:49,043 [INFO] IPUIPlugin:80 - create IPUIPlugin
2026-05-07 16:49:49,043 [INFO] PluginManager:220 - loadIPPluginJar : add sai
2026-05-07 16:49:49,093 [INFO] IPUIPlugin:80 - create IPUIPlugin
2026-05-07 16:49:49,093 [INFO] PluginManager:220 - loadIPPluginJar : add spi
2026-05-07 16:49:49,191 [INFO] IPUIPlugin:80 - create IPUIPlugin
2026-05-07 16:49:49,191 [INFO] PluginManager:220 - loadIPPluginJar : add stm32_wpan
2026-05-07 16:49:49,218 [INFO] IPUIPlugin:80 - create IPUIPlugin
2026-05-07 16:49:49,219 [INFO] PluginManager:220 - loadIPPluginJar : add tim
2026-05-07 16:49:49,293 [INFO] IPUIPlugin:80 - create IPUIPlugin
2026-05-07 16:49:49,293 [INFO] PluginManager:220 - loadIPPluginJar : add touchsensing
2026-05-07 16:49:49,322 [INFO] IPUIPlugin:80 - create IPUIPlugin
2026-05-07 16:49:49,323 [INFO] PluginManager:220 - loadIPPluginJar : add tracer_emb
2026-05-07 16:49:49,350 [INFO] IPUIPlugin:80 - create IPUIPlugin
2026-05-07 16:49:49,350 [INFO] PluginManager:220 - loadIPPluginJar : add ts
2026-05-07 16:49:49,374 [INFO] IPUIPlugin:80 - create IPUIPlugin
2026-05-07 16:49:49,374 [INFO] PluginManager:220 - loadIPPluginJar : add tsc
2026-05-07 16:49:49,386 [INFO] ThirdPartyUpdaterWithRetryManager:70 - Updater plugin not ready yet. [2/15]
2026-05-07 16:49:49,405 [INFO] IPUIPlugin:80 - create IPUIPlugin
2026-05-07 16:49:49,405 [INFO] PluginManager:220 - loadIPPluginJar : add ucpd
2026-05-07 16:49:49,456 [INFO] IPUIPlugin:80 - create IPUIPlugin
2026-05-07 16:49:49,457 [INFO] PluginManager:220 - loadIPPluginJar : add usart
2026-05-07 16:49:49,510 [INFO] IPUIPlugin:80 - create IPUIPlugin
2026-05-07 16:49:49,510 [INFO] PluginManager:220 - loadIPPluginJar : add usbx
2026-05-07 16:49:49,667 [FATAL] Updater:351 - Updater called before beeing initialized
2026-05-07 16:49:49,707 [INFO] RulesReader:64 - Compatibility file has been processed (301 Rules)
2026-05-07 16:49:49,737 [INFO] RulesReader:64 - Compatibility file has been processed (301 Rules)
2026-05-07 16:49:49,756 [INFO] CADModel:165 - CPN selected for project level
2026-05-07 16:49:49,757 [INFO] CADModel:114 - Register for checkConnection events
2026-05-07 16:49:49,757 [FATAL] Updater:351 - Updater called before beeing initialized
2026-05-07 16:49:49,757 [ERROR] CADModel:125 - Updater not yet initialized, retry later 
2026-05-07 16:49:50,010 [FATAL] Updater:351 - Updater called before beeing initialized
2026-05-07 16:49:50,013 [INFO] CADModel:165 - CPN selected for project level
2026-05-07 16:49:50,013 [INFO] CADModel:114 - Register for checkConnection events
2026-05-07 16:49:50,014 [FATAL] Updater:351 - Updater called before beeing initialized
2026-05-07 16:49:50,014 [ERROR] CADModel:125 - Updater not yet initialized, retry later 
2026-05-07 16:49:50,019 [FATAL] Updater:351 - Updater called before beeing initialized
2026-05-07 16:49:50,232 [FATAL] Updater:351 - Updater called before beeing initialized
2026-05-07 16:49:50,247 [INFO] DbMcusAds:53 - JSON generation date=Mon Apr 27 18:14:29 AEST 2026 (1777277669683)
2026-05-07 16:49:50,248 [FATAL] Updater:351 - Updater called before beeing initialized
2026-05-07 16:49:50,356 [WARN] DetailPanel:346 - Failed to get advertising image, set to default
2026-05-07 16:49:50,605 [FATAL] Updater:351 - Updater called before beeing initialized
2026-05-07 16:49:50,608 [FATAL] Updater:351 - Updater called before beeing initialized
2026-05-07 16:49:50,608 [FATAL] Updater:351 - Updater called before beeing initialized
2026-05-07 16:49:50,608 [WARN] DetailPanel:346 - Failed to get advertising image, set to default
2026-05-07 16:49:50,609 [FATAL] Updater:351 - Updater called before beeing initialized
2026-05-07 16:49:50,694 [ERROR] Updater:1198 - MainUpdater not yet initialized. External WinMGr cannot be set.
2026-05-07 16:49:50,707 [INFO] Updater:1134 - Updater Version found : 6.14.0
2026-05-07 16:49:50,736 [INFO] ApplicationProperties:184 - Using Application install path: D:\ST\STM32CubeIDE_1.18.0\STM32CubeIDE\plugins\com.st.stm32cube.common.mx_6.14.0.202502271554
2026-05-07 16:49:52,330 [ERROR] LogOutputStream:75 - [STDERR_REDIRECT] May 07, 2026 4:49:52 PM java.util.prefs.WindowsPreferences <init>
2026-05-07 16:49:52,334 [ERROR] LogOutputStream:75 - [STDERR_REDIRECT] WARNING: Could not open/create prefs root node Software\JavaSoft\Prefs at root 0xffffffff80000002. Windows RegCreateKeyEx(...) returned error code 5.
2026-05-07 16:49:52,334 [ERROR] LogOutputStream:75 - [STDERR_REDIRECT] 
2026-05-07 16:49:52,388 [INFO] ThirdPartyUpdaterWithRetryManager:70 - Updater plugin not ready yet. [3/15]
2026-05-07 16:49:52,835 [INFO] MainUpdater:2872 - connection check result : 10
2026-05-07 16:49:52,836 [INFO] MainUpdater:289 - Updater Check For Update Now.
2026-05-07 16:49:52,836 [INFO] MicroXplorer:498 - Change Database Version : DB.6.0.140
2026-05-07 16:49:52,866 [INFO] McuFinderGlobals:63 - Set McuFinder mode to 2 (CubeIDE integrated)
2026-05-07 16:49:52,880 [INFO] UserAuth:486 - Internet connection configuration mode: 1
2026-05-07 16:49:52,939 [INFO] JxBrowserEngine:152 - Initiate JxBrowser Engine with user profile folder
2026-05-07 16:49:53,112 [INFO] CheckServerUpdateThread:120 - End of CheckServer Thread
2026-05-07 16:49:54,779 [INFO] WebApp:169 - Instantiating new browser for Auth
2026-05-07 16:49:55,893 [WARN] PackLoader:240 - Cannot read IP mode file for STMicroelectronics.X-CUBE-AZRTOS-H7.3.5.0
2026-05-07 16:49:55,942 [WARN] PackLoader:240 - Cannot read IP mode file for STMicroelectronics.FP-ATR-ASTRA1.2.0.2
2026-05-07 16:49:55,946 [INFO] WebApp:463 - Apply proxy settings
2026-05-07 16:49:55,946 [INFO] WebApp:548 - Chromium requires no authentication
2026-05-07 16:49:55,962 [INFO] WebApp:491 - Direct internet connection detected
2026-05-07 16:49:55,970 [WARN] PackLoader:240 - Cannot read IP mode file for STMicroelectronics.X-CUBE-SMBUS.2.1.0
2026-05-07 16:49:55,998 [INFO] WebApp:894 - Register for checkConnection events
2026-05-07 16:49:55,998 [INFO] WebApp:463 - Apply proxy settings
2026-05-07 16:49:55,998 [INFO] WebApp:548 - Chromium requires no authentication
2026-05-07 16:49:55,999 [INFO] WebApp:491 - Direct internet connection detected
2026-05-07 16:49:56,020 [WARN] PackLoader:240 - Cannot read IP mode file for STMicroelectronics.X-CUBE-AZRTOS-F7.1.1.0
2026-05-07 16:49:56,045 [ERROR] Engine:466 - C:\Users\JH\.stm32cubemx\thirdparties\pdsc\STMicroelectronics.FP-SNS-MOTENV1.5.1.0.pdsc: PDSC version is not supported
2026-05-07 16:49:56,065 [ERROR] Engine:466 - C:\Users\JH\.stm32cubemx\thirdparties\pdsc\WES.I-CUBE-Cesium.1.4.0.pdsc: PDSC version is not supported
2026-05-07 16:49:56,088 [WARN] PackLoader:240 - Cannot read IP mode file for STMicroelectronics.X-CUBE-DISPLAY.3.0.0
2026-05-07 16:49:56,121 [WARN] PackLoader:240 - Cannot read IP mode file for STMicroelectronics.X-CUBE-GNSS1.7.1.1
2026-05-07 16:49:56,139 [ERROR] Engine:466 - C:\Users\JH\.stm32cubemx\thirdparties\pdsc\STMicroelectronics.FP-SNS-MOTENVWB1.1.5.0.pdsc: PDSC version is not supported
2026-05-07 16:49:56,168 [WARN] PackLoader:240 - Cannot read IP mode file for STMicroelectronics.X-CUBE-NFC10.1.0.0
2026-05-07 16:49:56,189 [WARN] PackLoader:240 - Cannot read IP mode file for STMicroelectronics.X-CUBE-ST60.1.1.0
2026-05-07 16:49:56,212 [WARN] PackLoader:240 - Cannot read IP mode file for emotas.I-CUBE-CANOPEN.1.3.0
2026-05-07 16:49:56,235 [WARN] PackLoader:240 - Cannot read IP mode file for STMicroelectronics.X-CUBE-GNSS1.7.1.0
2026-05-07 16:49:56,255 [ERROR] Engine:466 - C:\Users\JH\.stm32cubemx\thirdparties\pdsc\STMicroelectronics.FP-SNS-STBOX1.2.1.0.pdsc: PDSC version is not supported
2026-05-07 16:49:56,277 [WARN] PackLoader:240 - Cannot read IP mode file for STMicroelectronics.FP-SNS-SMARTAG2.1.2.0
2026-05-07 16:49:56,295 [WARN] PackLoader:240 - Cannot read IP mode file for STMicroelectronics.FP-SNS-FLIGHT1.5.1.0
2026-05-07 16:49:56,300 [INFO] WebApp:225 - Starting web application
2026-05-07 16:49:56,300 [INFO] WebApp:593 - Web application path used D:\ST\STM32CubeIDE_1.18.0\STM32CubeIDE\plugins\com.st.stm32cube.common.mx_6.14.0.202502271554\db\plugins\mcufinder\reactClient1\index.html
2026-05-07 16:49:56,328 [INFO] LogOutputStream:77 - [STDOUT_REDIRECT] 1 : Invalid condition id : UX_CORESTACK_Condition cause : null
2026-05-07 16:49:56,329 [INFO] LogOutputStream:77 - [STDOUT_REDIRECT] 1 : Invalid condition id : UX_CORESTACK_Condition cause : null
2026-05-07 16:49:56,330 [INFO] LogOutputStream:77 - [STDOUT_REDIRECT] 1 : Invalid condition id : UX_CORESTACK_Condition cause : null
2026-05-07 16:49:56,331 [INFO] LogOutputStream:77 - [STDOUT_REDIRECT] 1 : Invalid condition id : UX_CORESTACK_Condition cause : null
2026-05-07 16:49:56,334 [INFO] LogOutputStream:77 - [STDOUT_REDIRECT] 1 : Invalid condition id : UX_CORESTACK_Condition cause : null
2026-05-07 16:49:56,338 [WARN] PackLoader:240 - Cannot read IP mode file for STMicroelectronics.X-CUBE-AZRTOS-WL.2.0.0
2026-05-07 16:49:56,394 [WARN] PackLoader:240 - Cannot read IP mode file for STMicroelectronics.X-CUBE-AZRTOS-H7RS.1.2.0
2026-05-07 16:49:56,426 [WARN] PackLoader:240 - Cannot read IP mode file for STMicroelectronics.X-CUBE-BLE2.3.3.0
2026-05-07 16:49:56,535 [WARN] PackLoader:240 - Cannot read IP mode file for Infineon.AIROC-Wi-Fi-Bluetooth-STM32.1.8.0
2026-05-07 16:49:56,575 [WARN] PackLoader:240 - Cannot read IP mode file for STMicroelectronics.X-CUBE-NFC9.1.0.0
2026-05-07 16:49:56,580 [INFO] WebApp:191 - Connection restablished
2026-05-07 16:49:56,607 [WARN] PackLoader:240 - Cannot read IP mode file for STMicroelectronics.X-CUBE-BLE1.7.1.0
2026-05-07 16:49:56,615 [INFO] UserAuth:486 - Internet connection configuration mode: 1
2026-05-07 16:49:56,636 [WARN] PackLoader:240 - Cannot read IP mode file for wolfSSL.I-CUBE-wolfMQTT.1.19.2
2026-05-07 16:49:56,663 [WARN] PackLoader:240 - Cannot read IP mode file for STMicroelectronics.X-CUBE-EEPRMA1.5.2.0
2026-05-07 16:49:56,686 [WARN] PackLoader:240 - Cannot read IP mode file for wolfSSL.I-CUBE-wolfSSL.5.8.4
2026-05-07 16:49:56,715 [WARN] PackLoader:240 - Cannot read IP mode file for Cesanta.I-CUBE-Mongoose.7.20.0
2026-05-07 16:49:56,738 [ERROR] Engine:466 - C:\Users\JH\.stm32cubemx\thirdparties\pdsc\STMicroelectronics.FP-SNS-STAIOTCFT.1.1.0.pdsc: PDSC version is not supported
2026-05-07 16:49:56,807 [WARN] PackLoader:240 - Cannot read IP mode file for STMicroelectronics.X-CUBE-MEMS1.12.0.0
2026-05-07 16:49:57,039 [WARN] PackLoader:240 - Cannot read IP mode file for STMicroelectronics.X-CUBE-AZRTOS-G0.1.1.0
2026-05-07 16:49:57,074 [WARN] PackLoader:240 - Cannot read IP mode file for STMicroelectronics.X-CUBE-NFC4.3.0.0
2026-05-07 16:49:57,109 [WARN] PackLoader:240 - Cannot read IP mode file for EmbeddedOffice.I-CUBE-FS-RTOS.1.0.1
2026-05-07 16:49:57,133 [WARN] PackLoader:240 - Cannot read IP mode file for STMicroelectronics.X-CUBE-WB05N.2.0.0
2026-05-07 16:49:57,158 [WARN] PackLoader:240 - Cannot read IP mode file for wolfSSL.I-CUBE-wolfTPM.3.8.0
2026-05-07 16:49:57,183 [WARN] PackLoader:240 - Cannot read IP mode file for STMicroelectronics.X-CUBE-TCPP.4.2.0
2026-05-07 16:49:57,210 [WARN] PackLoader:240 - Cannot read IP mode file for RealThread.X-CUBE-RT-Thread_Nano.4.1.1
2026-05-07 16:49:57,236 [WARN] PackLoader:240 - Cannot read IP mode file for STMicroelectronics.FP-ATR-SIGFOX1.3.2.0
2026-05-07 16:49:57,260 [ERROR] Engine:466 - C:\Users\JH\.stm32cubemx\thirdparties\pdsc\STMicroelectronics.X-CUBE-FREERTOS.1.5.0.pdsc: PDSC version is not supported
2026-05-07 16:49:57,291 [WARN] PackLoader:240 - Cannot read IP mode file for ITTIA_DB.I-CUBE-ITTIADB.8.9.0
2026-05-07 16:49:57,320 [WARN] PackLoader:240 - Cannot read IP mode file for STMicroelectronics.X-CUBE-NFC6.3.2.0
2026-05-07 16:49:57,351 [WARN] PackLoader:240 - Cannot read IP mode file for STMicroelectronics.X-CUBE-AI.10.2.0
2026-05-07 16:49:57,461 [WARN] PackLoader:240 - Cannot read IP mode file for STMicroelectronics.X-CUBE-MEMS1.12.1.0
2026-05-07 16:49:57,621 [WARN] PackLoader:240 - Cannot read IP mode file for SEGGER.I-CUBE-embOS.1.3.1
2026-05-07 16:49:57,688 [WARN] PackLoader:240 - Cannot read IP mode file for STMicroelectronics.X-CUBE-ALGOBUILD.1.4.0
2026-05-07 16:49:57,718 [WARN] PackLoader:240 - Cannot read IP mode file for STMicroelectronics.X-CUBE-PM33A1.1.0.0
2026-05-07 16:49:57,775 [WARN] PackLoader:240 - Cannot read IP mode file for STMicroelectronics.X-CUBE-AZRTOS-F4.1.1.0
2026-05-07 16:49:57,816 [WARN] PackLoader:240 - Cannot read IP mode file for STMicroelectronics.X-CUBE-ISPU.2.1.0
2026-05-07 16:49:57,853 [ERROR] Engine:466 - C:\Users\JH\.stm32cubemx\thirdparties\pdsc\STMicroelectronics.X-CUBE-IPS.3.2.0.pdsc: PDSC version is not supported
2026-05-07 16:49:57,911 [WARN] PackLoader:240 - Cannot read IP mode file for STMicroelectronics.eDS-WB_DPC_TT-BIDIR.2.1.1
2026-05-07 16:49:57,957 [WARN] PackLoader:240 - Cannot read IP mode file for STMicroelectronics.X-CUBE-NFC12.1.0.0
2026-05-07 16:49:58,030 [WARN] PackLoader:240 - Cannot read IP mode file for STMicroelectronics.X-CUBE-AZRTOS-L5.2.0.0
2026-05-07 16:49:58,090 [WARN] PackLoader:240 - Cannot read IP mode file for STMicroelectronics.eDS-WB_DPC_VIENNA.1.2.0
2026-05-07 16:49:58,123 [WARN] PackLoader:240 - Cannot read IP mode file for STMicroelectronics.eDS-WB_DPC_3PH2L-BIDIR.1.1.1
2026-05-07 16:49:58,149 [ERROR] Engine:466 - C:\Users\JH\.stm32cubemx\thirdparties\pdsc\STMicroelectronics.X-CUBE-ST67W61.1.3.0.pdsc: PDSC version is not supported
2026-05-07 16:49:58,180 [WARN] PackLoader:240 - Cannot read IP mode file for STMicroelectronics.X-CUBE-TOUCHGFX.4.26.1
2026-05-07 16:49:58,207 [WARN] PackLoader:240 - Cannot read IP mode file for STMicroelectronics.FP-SNS-STAIOTCFT.1.0.0
2026-05-07 16:49:58,234 [WARN] PackLoader:240 - Cannot read IP mode file for STMicroelectronics.X-CUBE-DPower.1.3.0
2026-05-07 16:49:58,284 [WARN] ConditionMgr:438 - getConditionDescription Invalid condition id : LAN8742 Phy interface Condition cause : null
2026-05-07 16:49:58,285 [WARN] PackLoader:240 - Cannot read IP mode file for STMicroelectronics.X-CUBE-AZRTOS-L4.2.0.0
2026-05-07 16:49:58,287 [WARN] ConditionMgr:1044 - genDependencies : Invalid condition id : LAN8742 Phy interface Condition cause : null
2026-05-07 16:49:58,288 [WARN] ConditionMgr:1044 - genDependencies : Invalid condition id : LAN8742 Phy interface Condition cause : null
2026-05-07 16:49:58,288 [WARN] ConditionMgr:1044 - genDependencies : Invalid condition id : LAN8742 Phy interface Condition cause : null
2026-05-07 16:49:58,317 [WARN] PackLoader:240 - Cannot read IP mode file for STMicroelectronics.X-CUBE-SFXS2LP1.4.0.0
2026-05-07 16:49:58,343 [WARN] PackLoader:240 - Cannot read IP mode file for STMicroelectronics.X-CUBE-WB05N.2.1.0
2026-05-07 16:49:58,365 [ERROR] Engine:466 - C:\Users\JH\.stm32cubemx\thirdparties\pdsc\STMicroelectronics.X-CUBE-ST67W61.1.2.0.pdsc: PDSC version is not supported
2026-05-07 16:49:58,402 [WARN] PackLoader:240 - Cannot read IP mode file for STMicroelectronics.X-CUBE-BLEMGR.4.1.0
2026-05-07 16:49:58,454 [WARN] ConditionMgr:438 - getConditionDescription Invalid condition id : UX DEVICE CLASS RTOS Condition cause : null
2026-05-07 16:49:58,455 [WARN] ConditionMgr:438 - getConditionDescription Invalid condition id : UX DEVICE CLASS RTOS Condition cause : null
2026-05-07 16:49:58,459 [WARN] PackLoader:240 - Cannot read IP mode file for STMicroelectronics.X-CUBE-AZRTOS-WB.2.0.0
2026-05-07 16:49:58,460 [WARN] ConditionMgr:1044 - genDependencies : Invalid condition id : UX DEVICE CLASS RTOS Condition cause : null
2026-05-07 16:49:58,460 [WARN] ConditionMgr:1044 - genDependencies : Invalid condition id : UX DEVICE CLASS RTOS Condition cause : null
2026-05-07 16:49:58,460 [WARN] ConditionMgr:1044 - genDependencies : Invalid condition id : UX DEVICE CLASS RTOS Condition cause : null
2026-05-07 16:49:58,462 [WARN] ConditionMgr:1044 - genDependencies : Invalid condition id : UX DEVICE CLASS RTOS Condition cause : null
2026-05-07 16:49:58,462 [WARN] ConditionMgr:1044 - genDependencies : Invalid condition id : UX DEVICE CLASS RTOS Condition cause : null
2026-05-07 16:49:58,499 [WARN] ConditionMgr:438 - getConditionDescription Invalid condition id : Cortex-A Device cause : null
2026-05-07 16:49:58,543 [WARN] ConditionMgr:1044 - genDependencies : Invalid condition id : Cortex-A Device cause : null
2026-05-07 16:49:58,544 [WARN] ConditionMgr:1044 - genDependencies : Invalid condition id : Cortex-A Device cause : null
2026-05-07 16:49:58,544 [WARN] ConditionMgr:1044 - genDependencies : Invalid condition id : Cortex-A Device cause : null
2026-05-07 16:49:58,585 [WARN] PackLoader:240 - Cannot read IP mode file for STMicroelectronics.X-CUBE-STSE01.2.0.0
2026-05-07 16:49:58,621 [WARN] PackLoader:240 - Cannot read IP mode file for STMicroelectronics.X-CUBE-SUBG2.5.0.0
2026-05-07 16:49:58,676 [WARN] PackLoader:240 - Cannot read IP mode file for STMicroelectronics.X-CUBE-AZRTOS-G4.2.0.0
2026-05-07 16:49:58,704 [WARN] PackLoader:240 - Cannot read IP mode file for wolfSSL.I-CUBE-wolfSSH.1.4.20
2026-05-07 16:49:58,733 [WARN] PackLoader:240 - Cannot read IP mode file for STMicroelectronics.X-CUBE-NFC7.2.0.0
2026-05-07 16:49:58,763 [WARN] PackLoader:240 - Cannot read IP mode file for STMicroelectronics.X-CUBE-ALS.1.0.2
2026-05-07 16:49:58,804 [WARN] PackLoader:240 - Cannot read IP mode file for STMicroelectronics.X-CUBE-TOF1.3.4.3
2026-05-07 16:49:58,821 [INFO] ThirdParty:978 - Integrity check success = true
2026-05-07 16:49:58,821 [INFO] IntegrityCheckThread:100 - exiting critical section [integrity check]
2026-05-07 16:49:58,821 [INFO] IntegrityCheckThread:103 - End integrity checks thread
2026-05-07 17:26:50,714 [INFO] McuFinderGlobals:63 - Set McuFinder mode to 2 (CubeIDE integrated)
2026-05-07 17:26:50,768 [INFO] MainUpdater:2872 - connection check result : 10
2026-05-07 17:26:50,782 [INFO] MainUpdater:2872 - connection check result : 10
2026-05-07 17:26:51,123 [INFO] MicroXplorer:468 - Change Database Path : 
2026-05-07 17:26:51,124 [INFO] MicroXplorer:498 - Change Database Version : DB.6.0.140
2026-05-07 17:26:51,139 [WARN] ThirdParty:871 - waiting for thirdparty lock release [close project]
2026-05-07 17:26:51,139 [INFO] ThirdParty:873 - entering critical section [close project]
2026-05-07 17:26:51,143 [INFO] ThirdParty:883 - exiting critical section [close project]
2026-05-07 17:26:51,159 [INFO] PinOutPanel:1589 - setPackage(No Configuration,No Configuration)
2026-05-07 17:26:51,204 [INFO] UtilMem:75 - Begin LoadConfig() Used Memory: 948867840 Bytes (1073741824)
2026-05-07 17:26:51,218 [INFO] MicroXplorer:468 - Change Database Path : 
2026-05-07 17:26:51,218 [INFO] MicroXplorer:498 - Change Database Version : DB.6.0.140
2026-05-07 17:26:51,218 [INFO] OpenFileManager:354 - Change cursor
2026-05-07 17:26:51,331 [INFO] Mcu:2011 - Initializing MCU STM32L432K(B-C)Ux STM32L432KCUx STM32L432KCU3
2026-05-07 17:26:54,881 [INFO] Context:756 - Trying to add GPIOservice into a context  which must be forbidden
2026-05-07 17:26:55,726 [INFO] ImportTextPane:218 - (OptionalMessage_ERROR) Pin9 (VP_RIF_VS_RIF1) cannot be retrieved for this MCU
2026-05-07 17:26:55,998 [INFO] RtosManager:558 - Registered RTOS mode: class=CMSIS, group=RTOS, mode=CMSIS_V1, owner=FREERTOS
2026-05-07 17:26:55,999 [INFO] RtosManager:558 - Registered RTOS mode: class=CMSIS, group=RTOS2, mode=CMSIS_V2, owner=FREERTOS
2026-05-07 17:26:55,999 [INFO] RtosManager:558 - Registered RTOS mode: class=RTOS, group=Core, mode=CMSIS_V1, owner=FREERTOS
2026-05-07 17:26:55,999 [INFO] RtosManager:558 - Registered RTOS mode: class=RTOS, group=Core, mode=CMSIS_V2, owner=FREERTOS
2026-05-07 17:26:56,000 [WARN] ModelIntegratedComponent:184 - Missing modes for component STMicroelectronics:FreeRTOS:0.0.1:STMicroelectronics:RTOS:FreeRTOS:Core:::10.2.0:
2026-05-07 17:26:56,035 [WARN] ModelIntegratedComponent:63 - No mode defined for component null
2026-05-07 17:26:56,035 [WARN] ModelIntegratedComponent:63 - No mode defined for component null
2026-05-07 17:26:56,035 [WARN] ModelIntegratedComponent:63 - No mode defined for component null
2026-05-07 17:26:56,035 [WARN] ModelIntegratedComponent:63 - No mode defined for component null
2026-05-07 17:26:56,035 [WARN] ModelIntegratedComponent:63 - No mode defined for component null
2026-05-07 17:26:56,036 [WARN] ModelIntegratedComponent:63 - No mode defined for component null
2026-05-07 17:26:56,036 [WARN] ModelIntegratedComponent:63 - No mode defined for component null
2026-05-07 17:26:56,036 [WARN] ModelIntegratedComponent:63 - No mode defined for component null
2026-05-07 17:26:56,036 [WARN] ModelIntegratedComponent:63 - No mode defined for component null
2026-05-07 17:26:56,036 [WARN] ModelIntegratedComponent:63 - No mode defined for component null
2026-05-07 17:26:56,036 [WARN] ModelIntegratedComponent:63 - No mode defined for component null
2026-05-07 17:26:56,036 [WARN] ModelIntegratedComponent:63 - No mode defined for component null
2026-05-07 17:26:56,036 [WARN] ModelIntegratedComponent:63 - No mode defined for component null
2026-05-07 17:26:56,036 [WARN] ModelIntegratedComponent:63 - No mode defined for component null
2026-05-07 17:26:56,036 [WARN] ModelIntegratedComponent:63 - No mode defined for component null
2026-05-07 17:26:56,036 [WARN] ModelIntegratedComponent:63 - No mode defined for component null
2026-05-07 17:26:56,037 [WARN] ModelIntegratedComponent:63 - No mode defined for component null
2026-05-07 17:26:56,037 [WARN] ModelIntegratedComponent:63 - No mode defined for component null
2026-05-07 17:26:56,037 [WARN] ModelIntegratedComponent:63 - No mode defined for component null
2026-05-07 17:26:56,037 [WARN] ModelIntegratedComponent:63 - No mode defined for component null
2026-05-07 17:26:56,037 [WARN] ModelIntegratedComponent:63 - No mode defined for component null
2026-05-07 17:26:56,037 [WARN] ModelIntegratedComponent:63 - No mode defined for component null
2026-05-07 17:26:56,037 [WARN] ModelIntegratedComponent:63 - No mode defined for component null
2026-05-07 17:26:56,037 [WARN] ModelIntegratedComponent:63 - No mode defined for component null
2026-05-07 17:26:56,038 [WARN] ModelIntegratedComponent:63 - No mode defined for component null
2026-05-07 17:26:56,038 [WARN] ModelIntegratedComponent:63 - No mode defined for component null
2026-05-07 17:26:56,038 [WARN] ModelIntegratedComponent:63 - No mode defined for component null
2026-05-07 17:26:56,038 [WARN] ModelIntegratedComponent:63 - No mode defined for component null
2026-05-07 17:26:56,038 [WARN] ModelIntegratedComponent:63 - No mode defined for component null
2026-05-07 17:26:56,038 [WARN] ModelIntegratedComponent:63 - No mode defined for component null
2026-05-07 17:26:56,038 [WARN] ModelIntegratedComponent:63 - No mode defined for component null
2026-05-07 17:26:56,038 [WARN] ModelIntegratedComponent:63 - No mode defined for component null
2026-05-07 17:26:56,038 [WARN] ModelIntegratedComponent:63 - No mode defined for component null
2026-05-07 17:26:56,038 [WARN] ModelIntegratedComponent:63 - No mode defined for component null
2026-05-07 17:26:56,039 [WARN] ModelIntegratedComponent:63 - No mode defined for component null
2026-05-07 17:26:56,039 [WARN] ModelPack:524 - Component already loaded: STMicroelectronics:HAL Drivers:0.0.0:STMicroelectronics:Device:STMicro_Driver:XSPI:HAL::0.0.1:HAL_XSPI
2026-05-07 17:26:56,149 [INFO] ThirdPartyModel:298 - Start build external matchings
2026-05-07 17:26:56,593 [INFO] ThirdPartyModel:316 - End build external matchings
2026-05-07 17:26:56,626 [INFO] ImportTextPane:218 - (OptionalMessage_ERROR) IP (ADC1) : Parameter (CommonPathInternal) has invalid value (null|null|null|null)
2026-05-07 17:26:57,161 [INFO] ApiDb:581 - Connected to CubeFinder SQLite database (C:\Users\JH\.stmcufinder\plugins\mcufinder\mcu\cube-finder-db.db)
2026-05-07 17:26:57,358 [INFO] ApiDb:668 - CubeFinder database Data Model version=2.1
2026-05-07 17:26:57,359 [INFO] ApiDb:669 - CubeFinder database Configuration version=3.0.42
2026-05-07 17:26:57,362 [INFO] ApiDb:670 - CubeFinder database generation date=2026-03-11 (1773229989)
2026-05-07 17:26:57,363 [INFO] ApiDb:671 - CubeFinder database FW Pack versions=[FP-ATR-ASTRA1_V2.0.0, FP-SNS-FLIGHT1_V5.1.0, FP-SNS-MOTENV1_V5.1.0, FP-SNS-MOTENVWB1_V1.5.0, FP-SNS-SMARTAG2_V1.2.0, FP-SNS-STBOX1_V2.1.0, STM32Cube_FW_C0_V1.4.0, STM32Cube_FW_F4_V1.28.3, STM32Cube_FW_F7_V1.17.4, STM32Cube_FW_G0_V1.6.3, STM32Cube_FW_G4_V1.6.2, STM32Cube_FW_H5_V1.6.0, STM32Cube_FW_H7RS_V1.3.0, STM32Cube_FW_H7_V1.13.0, STM32Cube_FW_L0_V1.12.2, STM32Cube_FW_L4_V1.18.2, STM32Cube_FW_L5_V1.6.0, STM32Cube_FW_N6_V1.3.0, STM32Cube_FW_U0_V1.3.0, STM32Cube_FW_U3_V1.3.0, STM32Cube_FW_U5_V1.8.0, STM32Cube_FW_WB0_V1.4.0, STM32Cube_FW_WBA_V1.9.0, STM32Cube_FW_WB_V1.24.0, STM32Cube_FW_WL3_V1.4.0, STM32Cube_FW_WL_V1.5.0, X-CUBE-ALGOBUILD_V1.4.0, X-CUBE-ALS_V1.0.2, X-CUBE-AZRTOS-F4_V1.1.0, X-CUBE-AZRTOS-F7_V1.1.0, X-CUBE-AZRTOS-G0_V1.1.0, X-CUBE-AZRTOS-G4_V2.0.0, X-CUBE-AZRTOS-H7RS_V1.1.0, X-CUBE-AZRTOS-H7_V3.4.0, X-CUBE-AZRTOS-L4_V2.0.0, X-CUBE-AZRTOS-L5_V2.0.0, X-CUBE-AZRTOS-WB_V2.0.0, X-CUBE-AZRTOS-WL_V2.0.0, X-CUBE-BLE1_V7.1.0, X-CUBE-BLE2_V3.3.0, X-CUBE-BLEMGR_V4.1.0, X-CUBE-EEPRMA1_V5.2.0, X-CUBE-FREERTOS_V1.5.0, X-CUBE-GNSS1_V6.0.0, X-CUBE-MEMS1_V12.0.0, X-CUBE-NFC4_V3.0.0, X-CUBE-NFC7_V2.0.0, X-CUBE-SFXS2LP1_V4.0.0, X-CUBE-ST67W61_V1.2.0, X-CUBE-SUBG2_V5.0.0, X-CUBE-TOF1_V3.4.3]
2026-05-07 17:26:57,584 [INFO] DbBoardsSqlite:226 - include board P-NUCLEO-WB55-NUCLEO as a kit item of type 'Nucleo-64'
2026-05-07 17:26:57,585 [INFO] DbBoardsSqlite:226 - include board P-NUCLEO-WB55-USBDONGLE as a kit item of type 'Nucleo USB Dongle'
2026-05-07 17:26:57,586 [INFO] DbBoardsSqlite:226 - include board STEVAL-IDP005V1 as a kit item of type 'Evaluation Board'
2026-05-07 17:26:57,587 [INFO] DbBoardsSqlite:226 - include board STEVAL-IDP005V2 as a kit item of type 'Evaluation Board'
2026-05-07 17:26:58,009 [INFO] ApiDb:240 - Found 895 in-development CPN: [B-G473E-ZEST1S, B-WB1M-WPAN1, B-WBA5M-WPAN, B-WL5M-SUBG1, NUCLEO-C031C6, NUCLEO-C051C8, NUCLEO-C071RB, NUCLEO-C092RC, NUCLEO-H503RB, NUCLEO-H533RE, NUCLEO-H563ZI, NUCLEO-H7S3L8, NUCLEO-N657X0-Q, NUCLEO-U031R8, NUCLEO-U083RC, NUCLEO-U385RG-Q, NUCLEO-U545RE-Q, NUCLEO-U5A5ZJ-Q, NUCLEO-WB05KZ, NUCLEO-WB07CC, NUCLEO-WB09KE, NUCLEO-WBA52CG, NUCLEO-WBA55CG, NUCLEO-WBA65RI, NUCLEO-WL33CC1, NUCLEO-WL33CC2, STEVAL-PROTEUS1, STEVAL-SMARTAG2, STEVAL-STWINBX1, STM320518-EVAL, STM32C0116-DK, STM32C011D6Y3TR, STM32C011D6Y6TR, STM32C011F4P3, STM32C011F4P6, STM32C011F4U3, STM32C011F4U6TR, STM32C011F6P3, STM32C011F6P6, STM32C011F6U3, STM32C011F6U6TR, STM32C011J4M3, STM32C011J4M6, STM32C011J6M3, STM32C011J6M6, STM32C0316-DK, STM32C031C4T3, STM32C031C4T6, STM32C031C4U3, STM32C031C4U6, STM32C031C6T3, STM32C031C6T6, STM32C031C6U3, STM32C031C6U6, STM32C031F4P3, STM32C031F4P6, STM32C031F6P3, STM32C031F6P6, STM32C031G4U3, STM32C031G4U6, STM32C031G6U3, STM32C031G6U6, STM32C031K4T3, STM32C031K4T6, STM32C031K4U3, STM32C031K4U6, STM32C031K6T3, STM32C031K6T6, STM32C031K6U3, STM32C031K6U6, STM32C051C6T6, STM32C051C6U6, STM32C051C8T6, STM32C051C8U6, STM32C051D8Y6TR, STM32C051F6P6, STM32C051F8P6, STM32C051G6U6, STM32C051G8U6, STM32C051K6T6, STM32C051K6U6, STM32C051K8T6, STM32C071C8T6, STM32C071C8T6N, STM32C071C8U6, STM32C071C8U6N, STM32C071CBT6, STM32C071CBT6N, STM32C071CBU6, STM32C071CBU6N, STM32C071F8P6, STM32C071F8P6N, STM32C071FBP6, STM32C071FBP6N, STM32C071FBY6TR, STM32C071G8U6, STM32C071G8U6N, STM32C071GBU6, STM32C071GBU6N, STM32C071K8T6, STM32C071K8T6N, STM32C071K8U6, STM32C071K8U6N, STM32C071KBT6, STM32C071KBT6N, STM32C071KBU6, STM32C071KBU6N, STM32C071R8T6, STM32C071R8T6N, STM32C071RBI6N, STM32C071RBT6, STM32C071RBT6N, STM32C091CBT6, STM32C091CBU6, STM32C091CCT6, STM32C091CCU6, STM32C091ECY6TR, STM32C091FBP6, STM32C091FCP6, STM32C091GBU6, STM32C091GCU6, STM32C091KBT6, STM32C091KBU6, STM32C091KCT6, STM32C091KCU6, STM32C091RBT6, STM32C091RCI6, STM32C091RCT6, STM32C092CBT6, STM32C092CBU6, STM32C092CCT6, STM32C092CCU6, STM32C092ECY6TR, STM32C092FBP6, STM32C092FCP6, STM32C092GBU6, STM32C092GCU6, STM32C092KBT6, STM32C092KBU6, STM32C092KCT6, STM32C092KCU6, STM32C092RBT6, STM32C092RCI6, STM32C092RCT6, STM32G071K8TXN, STM32G071K8UXN, STM32G081GBU6N, STM32G081KBT6N, STM32G081KBUXN, STM32G0B1CCT6N, STM32G0B1KCT6, STM32G0B1NEY6TR, STM32G0B1RCT6N, STM32G0C1CCT6, STM32G0C1CCT6N, STM32G0C1CCU6N, STM32G0C1CET6N, STM32G0C1CEU6N, STM32G0C1KCT6, STM32G0C1NEY6TR, STM32G0C1RCI6N, STM32G0C1RCT6N, STM32G0C1REI6N, STM32G0C1RET6N, STM32G0C1VCI6, STM32G0C1VEI6, STM32G411C6T3, STM32G411C6T6, STM32G411C6U3, STM32G411C6U6, STM32G411C8T3, STM32G411C8T6, STM32G411C8U3, STM32G411C8U6, STM32G411CBT3, STM32G411CBT6, STM32G411CBU3, STM32G411CBU6, STM32G411CCT3, STM32G411CCT6, STM32G411CCU3, STM32G411CCU6, STM32G411K6T3, STM32G411K6T6, STM32G411K6U3, STM32G411K6U6, STM32G411K8T3, STM32G411K8T6, STM32G411K8U3, STM32G411K8U6, STM32G411KBT3, STM32G411KBT6, STM32G411KBU3, STM32G411KBU6, STM32G411M6T3, STM32G411M6T6, STM32G411M8T3, STM32G411M8T6, STM32G411MBT3, STM32G411MBT6, STM32G411MCT3, STM32G411MCT6, STM32G411R6T3, STM32G411R6T6, STM32G411R8T3, STM32G411R8T6, STM32G411RBT3, STM32G411RBT6, STM32G411RCT3, STM32G411RCT6, STM32G414CBT3, STM32G414CBT6, STM32G414CBU3, STM32G414CBU6, STM32G414CCT3, STM32G414CCT6, STM32G414CCU3, STM32G414CCU6, STM32G414MBT3, STM32G414MBT6, STM32G414MCT3, STM32G414MCT6, STM32G414RBT3, STM32G414RBT6, STM32G414RCT3, STM32G414RCT6, STM32G414VBT3, STM32G414VBT6, STM32G414VCT3, STM32G414VCT6, STM32G431CBT3Z, STM32G431RBT3Z, STM32G471CCT6, STM32G471CCU6, STM32G471CET3, STM32G471CET6, STM32G471CEU3, STM32G471CEU6, STM32G471MCT6, STM32G471MET3, STM32G471MET6, STM32G471MEY6TR, STM32G471QCT6, STM32G471QET3, STM32G471RCT6, STM32G471RET3, STM32G471RET6, STM32G471VCH6, STM32G471VCI6, STM32G471VCT6, STM32G471VEH3, STM32G471VEH6, STM32G471VEI3, STM32G471VEI6, STM32G471VET3, STM32G471VET6, STM32G473QET3Z, STM32G473RET3Z, STM32G474CCT6, STM32G491RET3Z, STM32H503CBT6, STM32H503CBU6, STM32H503EBY6TR, STM32H503KBU6, STM32H503RBT6, STM32H523CCT6, STM32H523CCU6, STM32H523CET6, STM32H523CEU6, STM32H523HEY6TR, STM32H523RCT6, STM32H523RET6, STM32H523VCI6, STM32H523VCT6, STM32H523VEI6, STM32H523VET6, STM32H523ZCJ6, STM32H523ZCT6, STM32H523ZEJ6, STM32H523ZET6, STM32H533CET6, STM32H533CEU6, STM32H533HEY6TR, STM32H533RET6, STM32H533VEI6, STM32H533VET6, STM32H533ZEJ6, STM32H533ZET6, STM32H562AGI6, STM32H562AII6, STM32H562IGK6, STM32H562IGT6, STM32H562IIK6, STM32H562IIT6, STM32H562RGT6, STM32H562RGV6, STM32H562RIT6, STM32H562RIV6, STM32H562VGT6, STM32H562VIT6, STM32H562ZGT6, STM32H562ZIT6, STM32H563AGI6, STM32H563AII3Q, STM32H563AII6, STM32H563IGK6, STM32H563IGT6, STM32H563IIK3Q, STM32H563IIK6, STM32H563IIT3Q, STM32H563IIT6, STM32H563MIY3QTR, STM32H563RGT6, STM32H563RGV6, STM32H563RIT6, STM32H563RIV6, STM32H563VGT6, STM32H563VIT3Q, STM32H563VIT6, STM32H563ZGT6, STM32H563ZIT3Q, STM32H563ZIT6, STM32H573AII3Q, STM32H573AII6, STM32H573I-DK, STM32H573IIK3Q, STM32H573IIK6, STM32H573IIT3Q, STM32H573IIT6, STM32H573MIY3QTR, STM32H573RIT6, STM32H573RIV6, STM32H573VIT3Q, STM32H573VIT6, STM32H573ZIT3Q, STM32H573ZIT6, STM32H7R3A8I6, STM32H7R3I8K6, STM32H7R3I8T6, STM32H7R3L8H6, STM32H7R3L8H6H, STM32H7R3R8V6, STM32H7R3V8H6, STM32H7R3V8T6, STM32H7R3V8Y6TR, STM32H7R3Z8J6, STM32H7R3Z8T6, STM32H7R7A8I6, STM32H7R7I8K6, STM32H7R7I8T6, STM32H7R7L8H6, STM32H7R7L8H6H, STM32H7R7Z8J6, STM32H7S3A8I6, STM32H7S3I8K6, STM32H7S3I8T6, STM32H7S3L8H6, STM32H7S3L8H6H, STM32H7S3R8V6, STM32H7S3V8H6, STM32H7S3V8T6, STM32H7S3V8Y6TR, STM32H7S3Z8J6, STM32H7S3Z8T6, STM32H7S78-DK, STM32H7S7A8I6, STM32H7S7I8K6, STM32H7S7I8T6, STM32H7S7L8H6, STM32H7S7L8H6H, STM32H7S7Z8J6, STM32L4R5QGI6STR, STM32MP131AAE3, STM32MP131AAF3, STM32MP131AAG3, STM32MP131CAE3, STM32MP131CAF3, STM32MP131CAG3, STM32MP131DAE7, STM32MP131DAF7, STM32MP131DAG7, STM32MP131FAE7, STM32MP131FAF7, STM32MP131FAG7, STM32MP133AAE3, STM32MP133AAF3, STM32MP133AAG3, STM32MP133CAE3, STM32MP133CAF3, STM32MP133CAG3, STM32MP133DAE7, STM32MP133DAF7, STM32MP133DAG7, STM32MP133FAE7, STM32MP133FAF7, STM32MP133FAG7, STM32MP135AAE3, STM32MP135AAF3, STM32MP135AAG3, STM32MP135CAE3, STM32MP135CAF3, STM32MP135CAG3, STM32MP135DAE7, STM32MP135DAF7, STM32MP135DAG7, STM32MP135F-DK, STM32MP135FAE7, STM32MP135FAF7, STM32MP135FAF7T, STM32MP135FAF7U, STM32MP135FAG7, STM32MP231AAJ3, STM32MP231AAK3, STM32MP231AAL3, STM32MP231CAJ3, STM32MP231CAK3, STM32MP231CAL3, STM32MP231DAJ3, STM32MP231DAK3, STM32MP231DAL3, STM32MP231FAJ3, STM32MP231FAK3, STM32MP231FAL3, STM32MP233AAJ3, STM32MP233AAK3, STM32MP233AAL3, STM32MP233CAJ3, STM32MP233CAK3, STM32MP233CAL3, STM32MP233DAJ3, STM32MP233DAK3, STM32MP233DAL3, STM32MP233FAJ3, STM32MP233FAK3, STM32MP233FAL3, STM32MP235AAJ3, STM32MP235AAK3, STM32MP235AAL3, STM32MP235CAJ3, STM32MP235CAK3, STM32MP235CAL3, STM32MP235DAJ3, STM32MP235DAK3, STM32MP235DAL3, STM32MP235FAJ3, STM32MP235FAK3, STM32MP235FAL3, STM32MP251AAI3, STM32MP251AAJ3, STM32MP251AAK3, STM32MP251AAL3, STM32MP251CAI3, STM32MP251CAJ3, STM32MP251CAK3, STM32MP251CAL3, STM32MP251DAI3, STM32MP251DAJ3, STM32MP251DAK3, STM32MP251DAL3, STM32MP251FAI3, STM32MP251FAJ3, STM32MP251FAK3, STM32MP251FAL3, STM32MP253AAI3, STM32MP253AAJ3, STM32MP253AAK3, STM32MP253AAL3, STM32MP253CAI3, STM32MP253CAJ3, STM32MP253CAK3, STM32MP253CAL3, STM32MP253DAI3, STM32MP253DAJ3, STM32MP253DAK3, STM32MP253DAL3, STM32MP253FAI3, STM32MP253FAJ3, STM32MP253FAK3, STM32MP253FAL3, STM32MP255AAI3, STM32MP255AAJ3, STM32MP255AAK3, STM32MP255AAL3, STM32MP255CAI3, STM32MP255CAJ3, STM32MP255CAK3, STM32MP255CAL3, STM32MP255DAI3, STM32MP255DAJ3, STM32MP255DAK3, STM32MP255DAL3, STM32MP255FAI3, STM32MP255FAJ3, STM32MP255FAK3, STM32MP255FAL3, STM32MP257AAI3, STM32MP257AAJ3, STM32MP257AAK3, STM32MP257AAL3, STM32MP257CAI3, STM32MP257CAJ3, STM32MP257CAK3, STM32MP257CAL3, STM32MP257DAI3, STM32MP257DAJ3, STM32MP257DAK3, STM32MP257DAL3, STM32MP257F-DK, STM32MP257F-EV1, STM32MP257FAI3, STM32MP257FAJ3, STM32MP257FAK3, STM32MP257FAL3, STM32N645A0H3Q, STM32N645B0H3Q, STM32N645I0H3Q, STM32N645L0H3Q, STM32N645X0H3Q, STM32N645Z0H3Q, STM32N647A0H3Q, STM32N647B0H3Q, STM32N647I0H3Q, STM32N647L0H3Q, STM32N647X0H3Q, STM32N647Z0H3Q, STM32N655A0H3Q, STM32N655B0H3Q, STM32N655I0H3Q, STM32N655L0H3Q, STM32N655X0H3Q, STM32N655Z0H3Q, STM32N6570-DK, STM32N657A0H3Q, STM32N657B0H3Q, STM32N657I0H3Q, STM32N657L0H3Q, STM32N657X0H3Q, STM32N657Z0H3Q, STM32U031C6T6, STM32U031C6U6, STM32U031C8T6, STM32U031C8U6, STM32U031F4P6, STM32U031F6P6, STM32U031F8P6, STM32U031G6Y6TR, STM32U031G8Y6TR, STM32U031K4U6, STM32U031K6U6, STM32U031K8U6, STM32U031R6I6, STM32U031R6T6, STM32U031R8I6, STM32U031R8T6, STM32U073C8T6, STM32U073C8U6, STM32U073CBT6, STM32U073CBU6, STM32U073CCT6, STM32U073CCU6, STM32U073H8Y6TR, STM32U073HBY6TR, STM32U073HCY6TR, STM32U073K8U6, STM32U073KBU6, STM32U073KCU6, STM32U073M8I6, STM32U073M8T6, STM32U073MBI6, STM32U073MBT6, STM32U073MCI6, STM32U073MCT6, STM32U073R8I6, STM32U073R8T6, STM32U073RBI6, STM32U073RBT6, STM32U073RCI6, STM32U073RCT6, STM32U083C-DK, STM32U083CCT6, STM32U083CCU6, STM32U083HCY6TR, STM32U083KCU6, STM32U083MCI6, STM32U083MCT6, STM32U083RCI6, STM32U083RCT6, STM32U375CET6, STM32U375CET6Q, STM32U375CEU6, STM32U375CEU6Q, STM32U375CEY6QTR, STM32U375CGT6, STM32U375CGT6Q, STM32U375CGU6, STM32U375CGU6Q, STM32U375CGY6QTR, STM32U375KEU6, STM32U375KGU6, STM32U375REI6, STM32U375REI6Q, STM32U375RET6, STM32U375RET6Q, STM32U375REY6GTR, STM32U375REY6QTR, STM32U375RGI6, STM32U375RGI6Q, STM32U375RGT6, STM32U375RGT6Q, STM32U375RGY6GTR, STM32U375RGY6QTR, STM32U375VEI6, STM32U375VEI6Q, STM32U375VET6, STM32U375VET6Q, STM32U375VGI6, STM32U375VGI6Q, STM32U375VGT6, STM32U375VGT6Q, STM32U385CGT6, STM32U385CGT6Q, STM32U385CGU6, STM32U385CGU6Q, STM32U385CGY6QTR, STM32U385KGU6, STM32U385RGI6, STM32U385RGI6Q, STM32U385RGT6, STM32U385RGT6Q, STM32U385RGY6GTR, STM32U385RGY6QTR, STM32U385VGI6, STM32U385VGI6Q, STM32U385VGT6, STM32U385VGT6Q, STM32U535CBT6, STM32U535CBT6Q, STM32U535CBU6, STM32U535CBU6Q, STM32U535CCT6, STM32U535CCT6Q, STM32U535CCU6, STM32U535CCU6Q, STM32U535CET6, STM32U535CET6Q, STM32U535CEU6, STM32U535CEU6Q, STM32U535JEY6QTR, STM32U535NCY6QTR, STM32U535NEY6QTR, STM32U535RBI6, STM32U535RBI6Q, STM32U535RBT6, STM32U535RBT6Q, STM32U535RCI6, STM32U535RCI6Q, STM32U535RCT6, STM32U535RCT6Q, STM32U535REI6, STM32U535REI6Q, STM32U535RET6, STM32U535RET6Q, STM32U535VCI6, STM32U535VCI6Q, STM32U535VCT6, STM32U535VCT6Q, STM32U535VEI6, STM32U535VEI6Q, STM32U535VET6, STM32U535VET6Q, STM32U545CET6, STM32U545CET6Q, STM32U545CEU6, STM32U545CEU6Q, STM32U545JEY6QTR, STM32U545NEY6QTR, STM32U545REI6, STM32U545REI6Q, STM32U545RET6, STM32U545RET6Q, STM32U545VEI6, STM32U545VEI6Q, STM32U545VET6, STM32U545VET6Q, STM32U595AIH6, STM32U595AIH6Q, STM32U595AJH6, STM32U595AJH6Q, STM32U595QII6, STM32U595QII6Q, STM32U595QJI6, STM32U595QJI6Q, STM32U595RIT6, STM32U595RIT6Q, STM32U595RJT6, STM32U595RJT6Q, STM32U595VIT6, STM32U595VIT6Q, STM32U595VJT6, STM32U595VJT6Q, STM32U595ZIT6, STM32U595ZIT6Q, STM32U595ZIY6QTR, STM32U595ZJT6, STM32U595ZJT6Q, STM32U595ZJY6QTR, STM32U599BJY6QTR, STM32U599NIH6Q, STM32U599NJH6Q, STM32U599VIT6Q, STM32U599VJT6, STM32U599VJT6Q, STM32U599ZIT6Q, STM32U599ZIY6QTR, STM32U599ZJT6Q, STM32U599ZJY6QTR, STM32U5A5AJH6, STM32U5A5AJH6Q, STM32U5A5QII3Q , STM32U5A5QJI6, STM32U5A5QJI6Q, STM32U5A5RJT6, STM32U5A5RJT6Q, STM32U5A5VJT6, STM32U5A5VJT6Q, STM32U5A5ZJT6, STM32U5A5ZJT6Q, STM32U5A5ZJY6QTR, STM32U5A9BJY6QTR, STM32U5A9J-DK, STM32U5A9NJH6Q, STM32U5A9VJT6Q, STM32U5A9ZJT6Q, STM32U5A9ZJY6QTR, STM32U5F7VIT6, STM32U5F7VIT6Q, STM32U5F7VJT6, STM32U5F7VJT6Q, STM32U5F9BJY6QTR, STM32U5F9NJH6Q, STM32U5F9VIT6Q, STM32U5F9VJT6Q, STM32U5F9ZIJ6QTR, STM32U5F9ZIT6Q, STM32U5F9ZJJ6QTR, STM32U5F9ZJT6Q, STM32U5G7VJT6, STM32U5G7VJT6Q, STM32U5G9BJY6QTR, STM32U5G9J-DK1, STM32U5G9J-DK2, STM32U5G9NJH6Q, STM32U5G9VJT6Q, STM32U5G9ZJJ6QTR, STM32U5G9ZJT6Q, STM32WB05KZV6TR, STM32WB05KZV7TR, STM32WB05TZF6TR, STM32WB05TZF7TR, STM32WB06CCF6TR, STM32WB06CCF7TR, STM32WB06CCV6TR, STM32WB06CCV7TR, STM32WB06KCV6TR, STM32WB06KCV7TR, STM32WB07CCF6TR, STM32WB07CCF7TR, STM32WB07CCV6TR, STM32WB07CCV7TR, STM32WB07KCV6TR, STM32WB07KCV7TR, STM32WB09KEV6TR, STM32WB09KEV7TR, STM32WB09TEF6TR, STM32WB09TEF7TR, STM32WB1MMCH6, STM32WBA50KGU6, STM32WBA50KGU6TR, STM32WBA52CEU6, STM32WBA52CEU6TR, STM32WBA52CEU7, STM32WBA52CEU7TR, STM32WBA52CGU6, STM32WBA52CGU6TR, STM32WBA52CGU6U, STM32WBA52CGU7, STM32WBA52CGU7TR, STM32WBA52KEU6, STM32WBA52KEU6TR, STM32WBA52KGU6, STM32WBA52KGU6TR, STM32WBA54CEU6, STM32WBA54CEU6TR, STM32WBA54CEU7, STM32WBA54CEU7TR, STM32WBA54CGU6, STM32WBA54CGU6TR, STM32WBA54CGU7, STM32WBA54CGU7TR, STM32WBA54KEU6, STM32WBA54KEU6TR, STM32WBA54KEU7, STM32WBA54KEU7TR, STM32WBA54KGU6, STM32WBA54KGU6TR, STM32WBA54KGU7, STM32WBA54KGU7TR, STM32WBA55CEU6, STM32WBA55CEU6TR, STM32WBA55CEU7, STM32WBA55CEU7TR, STM32WBA55CGU6, STM32WBA55CGU6TR, STM32WBA55CGU6U, STM32WBA55CGU7, STM32WBA55CGU7TR, STM32WBA55G-DK1, STM32WBA55HEF6, STM32WBA55HEF7, STM32WBA55HGF6, STM32WBA55HGF7, STM32WBA55UEI6, STM32WBA55UEI6TR, STM32WBA55UEI7, STM32WBA55UEI7TR, STM32WBA55UGI6, STM32WBA55UGI6TR, STM32WBA55UGI7, STM32WBA55UGI7TR, STM32WBA5MJGH6TR, STM32WBA62CGU6, STM32WBA62CIU6, STM32WBA62MGF6, STM32WBA62MIF6, STM32WBA62PGI6, STM32WBA62PII6, STM32WBA63CGU6, STM32WBA63CGU7, STM32WBA63CIU6, STM32WBA63CIU7, STM32WBA64CGU6, STM32WBA64CGU7, STM32WBA64CIU6, STM32WBA64CIU7, STM32WBA65CGU6, STM32WBA65CGU7, STM32WBA65CIU6, STM32WBA65CIU7, STM32WBA65I-DK1, STM32WBA65MGF6, STM32WBA65MGF7, STM32WBA65MIF6, STM32WBA65MIF7, STM32WBA65PGI6, STM32WBA65PGI7, STM32WBA65PII6, STM32WBA65PII7, STM32WBA65RGV6, STM32WBA65RGV7, STM32WBA65RIV6, STM32WBA65RIV7, STM32WL30K8V6, STM32WL30KBV6, STM32WL31C8V6, STM32WL31CBV6, STM32WL31K8V6, STM32WL31KBV6, STM32WL33C8V6, STM32WL33C8V6TR, STM32WL33C8V7, STM32WL33C8V7TR, STM32WL33CBV6, STM32WL33CBV6TR, STM32WL33CBV7, STM32WL33CBV7TR, STM32WL33CCV6, STM32WL33CCV6TR, STM32WL33CCV7, STM32WL33CCV7A, STM32WL33CCV7ATR, STM32WL33CCV7TR, STM32WL33K8V6, STM32WL33K8V6TR, STM32WL33K8V7, STM32WL33K8V7TR, STM32WL33KBV6, STM32WL33KBV6TR, STM32WL33KBV7, STM32WL33KBV7TR, STM32WL33KCV6, STM32WL33KCV6TR, STM32WL33KCV7, STM32WL33KCV7TR, STM32WL5MOCH6, STM32WL5MOCH6TR]
2026-05-07 17:26:58,015 [INFO] ApiDb:668 - CubeFinder database Data Model version=2.1
2026-05-07 17:26:58,016 [INFO] ApiDb:669 - CubeFinder database Configuration version=3.0.42
2026-05-07 17:26:58,016 [INFO] ApiDb:670 - CubeFinder database generation date=2026-03-11 (1773229989)
2026-05-07 17:26:58,016 [INFO] ApiDb:671 - CubeFinder database FW Pack versions=[FP-ATR-ASTRA1_V2.0.0, FP-SNS-FLIGHT1_V5.1.0, FP-SNS-MOTENV1_V5.1.0, FP-SNS-MOTENVWB1_V1.5.0, FP-SNS-SMARTAG2_V1.2.0, FP-SNS-STBOX1_V2.1.0, STM32Cube_FW_C0_V1.4.0, STM32Cube_FW_F4_V1.28.3, STM32Cube_FW_F7_V1.17.4, STM32Cube_FW_G0_V1.6.3, STM32Cube_FW_G4_V1.6.2, STM32Cube_FW_H5_V1.6.0, STM32Cube_FW_H7RS_V1.3.0, STM32Cube_FW_H7_V1.13.0, STM32Cube_FW_L0_V1.12.2, STM32Cube_FW_L4_V1.18.2, STM32Cube_FW_L5_V1.6.0, STM32Cube_FW_N6_V1.3.0, STM32Cube_FW_U0_V1.3.0, STM32Cube_FW_U3_V1.3.0, STM32Cube_FW_U5_V1.8.0, STM32Cube_FW_WB0_V1.4.0, STM32Cube_FW_WBA_V1.9.0, STM32Cube_FW_WB_V1.24.0, STM32Cube_FW_WL3_V1.4.0, STM32Cube_FW_WL_V1.5.0, X-CUBE-ALGOBUILD_V1.4.0, X-CUBE-ALS_V1.0.2, X-CUBE-AZRTOS-F4_V1.1.0, X-CUBE-AZRTOS-F7_V1.1.0, X-CUBE-AZRTOS-G0_V1.1.0, X-CUBE-AZRTOS-G4_V2.0.0, X-CUBE-AZRTOS-H7RS_V1.1.0, X-CUBE-AZRTOS-H7_V3.4.0, X-CUBE-AZRTOS-L4_V2.0.0, X-CUBE-AZRTOS-L5_V2.0.0, X-CUBE-AZRTOS-WB_V2.0.0, X-CUBE-AZRTOS-WL_V2.0.0, X-CUBE-BLE1_V7.1.0, X-CUBE-BLE2_V3.3.0, X-CUBE-BLEMGR_V4.1.0, X-CUBE-EEPRMA1_V5.2.0, X-CUBE-FREERTOS_V1.5.0, X-CUBE-GNSS1_V6.0.0, X-CUBE-MEMS1_V12.0.0, X-CUBE-NFC4_V3.0.0, X-CUBE-NFC7_V2.0.0, X-CUBE-SFXS2LP1_V4.0.0, X-CUBE-ST67W61_V1.2.0, X-CUBE-SUBG2_V5.0.0, X-CUBE-TOF1_V3.4.3]
2026-05-07 17:27:01,227 [INFO] ApiDb:240 - Found 895 in-development CPN: [B-G473E-ZEST1S, B-WB1M-WPAN1, B-WBA5M-WPAN, B-WL5M-SUBG1, NUCLEO-C031C6, NUCLEO-C051C8, NUCLEO-C071RB, NUCLEO-C092RC, NUCLEO-H503RB, NUCLEO-H533RE, NUCLEO-H563ZI, NUCLEO-H7S3L8, NUCLEO-N657X0-Q, NUCLEO-U031R8, NUCLEO-U083RC, NUCLEO-U385RG-Q, NUCLEO-U545RE-Q, NUCLEO-U5A5ZJ-Q, NUCLEO-WB05KZ, NUCLEO-WB07CC, NUCLEO-WB09KE, NUCLEO-WBA52CG, NUCLEO-WBA55CG, NUCLEO-WBA65RI, NUCLEO-WL33CC1, NUCLEO-WL33CC2, STEVAL-PROTEUS1, STEVAL-SMARTAG2, STEVAL-STWINBX1, STM320518-EVAL, STM32C0116-DK, STM32C011D6Y3TR, STM32C011D6Y6TR, STM32C011F4P3, STM32C011F4P6, STM32C011F4U3, STM32C011F4U6TR, STM32C011F6P3, STM32C011F6P6, STM32C011F6U3, STM32C011F6U6TR, STM32C011J4M3, STM32C011J4M6, STM32C011J6M3, STM32C011J6M6, STM32C0316-DK, STM32C031C4T3, STM32C031C4T6, STM32C031C4U3, STM32C031C4U6, STM32C031C6T3, STM32C031C6T6, STM32C031C6U3, STM32C031C6U6, STM32C031F4P3, STM32C031F4P6, STM32C031F6P3, STM32C031F6P6, STM32C031G4U3, STM32C031G4U6, STM32C031G6U3, STM32C031G6U6, STM32C031K4T3, STM32C031K4T6, STM32C031K4U3, STM32C031K4U6, STM32C031K6T3, STM32C031K6T6, STM32C031K6U3, STM32C031K6U6, STM32C051C6T6, STM32C051C6U6, STM32C051C8T6, STM32C051C8U6, STM32C051D8Y6TR, STM32C051F6P6, STM32C051F8P6, STM32C051G6U6, STM32C051G8U6, STM32C051K6T6, STM32C051K6U6, STM32C051K8T6, STM32C071C8T6, STM32C071C8T6N, STM32C071C8U6, STM32C071C8U6N, STM32C071CBT6, STM32C071CBT6N, STM32C071CBU6, STM32C071CBU6N, STM32C071F8P6, STM32C071F8P6N, STM32C071FBP6, STM32C071FBP6N, STM32C071FBY6TR, STM32C071G8U6, STM32C071G8U6N, STM32C071GBU6, STM32C071GBU6N, STM32C071K8T6, STM32C071K8T6N, STM32C071K8U6, STM32C071K8U6N, STM32C071KBT6, STM32C071KBT6N, STM32C071KBU6, STM32C071KBU6N, STM32C071R8T6, STM32C071R8T6N, STM32C071RBI6N, STM32C071RBT6, STM32C071RBT6N, STM32C091CBT6, STM32C091CBU6, STM32C091CCT6, STM32C091CCU6, STM32C091ECY6TR, STM32C091FBP6, STM32C091FCP6, STM32C091GBU6, STM32C091GCU6, STM32C091KBT6, STM32C091KBU6, STM32C091KCT6, STM32C091KCU6, STM32C091RBT6, STM32C091RCI6, STM32C091RCT6, STM32C092CBT6, STM32C092CBU6, STM32C092CCT6, STM32C092CCU6, STM32C092ECY6TR, STM32C092FBP6, STM32C092FCP6, STM32C092GBU6, STM32C092GCU6, STM32C092KBT6, STM32C092KBU6, STM32C092KCT6, STM32C092KCU6, STM32C092RBT6, STM32C092RCI6, STM32C092RCT6, STM32G071K8TXN, STM32G071K8UXN, STM32G081GBU6N, STM32G081KBT6N, STM32G081KBUXN, STM32G0B1CCT6N, STM32G0B1KCT6, STM32G0B1NEY6TR, STM32G0B1RCT6N, STM32G0C1CCT6, STM32G0C1CCT6N, STM32G0C1CCU6N, STM32G0C1CET6N, STM32G0C1CEU6N, STM32G0C1KCT6, STM32G0C1NEY6TR, STM32G0C1RCI6N, STM32G0C1RCT6N, STM32G0C1REI6N, STM32G0C1RET6N, STM32G0C1VCI6, STM32G0C1VEI6, STM32G411C6T3, STM32G411C6T6, STM32G411C6U3, STM32G411C6U6, STM32G411C8T3, STM32G411C8T6, STM32G411C8U3, STM32G411C8U6, STM32G411CBT3, STM32G411CBT6, STM32G411CBU3, STM32G411CBU6, STM32G411CCT3, STM32G411CCT6, STM32G411CCU3, STM32G411CCU6, STM32G411K6T3, STM32G411K6T6, STM32G411K6U3, STM32G411K6U6, STM32G411K8T3, STM32G411K8T6, STM32G411K8U3, STM32G411K8U6, STM32G411KBT3, STM32G411KBT6, STM32G411KBU3, STM32G411KBU6, STM32G411M6T3, STM32G411M6T6, STM32G411M8T3, STM32G411M8T6, STM32G411MBT3, STM32G411MBT6, STM32G411MCT3, STM32G411MCT6, STM32G411R6T3, STM32G411R6T6, STM32G411R8T3, STM32G411R8T6, STM32G411RBT3, STM32G411RBT6, STM32G411RCT3, STM32G411RCT6, STM32G414CBT3, STM32G414CBT6, STM32G414CBU3, STM32G414CBU6, STM32G414CCT3, STM32G414CCT6, STM32G414CCU3, STM32G414CCU6, STM32G414MBT3, STM32G414MBT6, STM32G414MCT3, STM32G414MCT6, STM32G414RBT3, STM32G414RBT6, STM32G414RCT3, STM32G414RCT6, STM32G414VBT3, STM32G414VBT6, STM32G414VCT3, STM32G414VCT6, STM32G431CBT3Z, STM32G431RBT3Z, STM32G471CCT6, STM32G471CCU6, STM32G471CET3, STM32G471CET6, STM32G471CEU3, STM32G471CEU6, STM32G471MCT6, STM32G471MET3, STM32G471MET6, STM32G471MEY6TR, STM32G471QCT6, STM32G471QET3, STM32G471RCT6, STM32G471RET3, STM32G471RET6, STM32G471VCH6, STM32G471VCI6, STM32G471VCT6, STM32G471VEH3, STM32G471VEH6, STM32G471VEI3, STM32G471VEI6, STM32G471VET3, STM32G471VET6, STM32G473QET3Z, STM32G473RET3Z, STM32G474CCT6, STM32G491RET3Z, STM32H503CBT6, STM32H503CBU6, STM32H503EBY6TR, STM32H503KBU6, STM32H503RBT6, STM32H523CCT6, STM32H523CCU6, STM32H523CET6, STM32H523CEU6, STM32H523HEY6TR, STM32H523RCT6, STM32H523RET6, STM32H523VCI6, STM32H523VCT6, STM32H523VEI6, STM32H523VET6, STM32H523ZCJ6, STM32H523ZCT6, STM32H523ZEJ6, STM32H523ZET6, STM32H533CET6, STM32H533CEU6, STM32H533HEY6TR, STM32H533RET6, STM32H533VEI6, STM32H533VET6, STM32H533ZEJ6, STM32H533ZET6, STM32H562AGI6, STM32H562AII6, STM32H562IGK6, STM32H562IGT6, STM32H562IIK6, STM32H562IIT6, STM32H562RGT6, STM32H562RGV6, STM32H562RIT6, STM32H562RIV6, STM32H562VGT6, STM32H562VIT6, STM32H562ZGT6, STM32H562ZIT6, STM32H563AGI6, STM32H563AII3Q, STM32H563AII6, STM32H563IGK6, STM32H563IGT6, STM32H563IIK3Q, STM32H563IIK6, STM32H563IIT3Q, STM32H563IIT6, STM32H563MIY3QTR, STM32H563RGT6, STM32H563RGV6, STM32H563RIT6, STM32H563RIV6, STM32H563VGT6, STM32H563VIT3Q, STM32H563VIT6, STM32H563ZGT6, STM32H563ZIT3Q, STM32H563ZIT6, STM32H573AII3Q, STM32H573AII6, STM32H573I-DK, STM32H573IIK3Q, STM32H573IIK6, STM32H573IIT3Q, STM32H573IIT6, STM32H573MIY3QTR, STM32H573RIT6, STM32H573RIV6, STM32H573VIT3Q, STM32H573VIT6, STM32H573ZIT3Q, STM32H573ZIT6, STM32H7R3A8I6, STM32H7R3I8K6, STM32H7R3I8T6, STM32H7R3L8H6, STM32H7R3L8H6H, STM32H7R3R8V6, STM32H7R3V8H6, STM32H7R3V8T6, STM32H7R3V8Y6TR, STM32H7R3Z8J6, STM32H7R3Z8T6, STM32H7R7A8I6, STM32H7R7I8K6, STM32H7R7I8T6, STM32H7R7L8H6, STM32H7R7L8H6H, STM32H7R7Z8J6, STM32H7S3A8I6, STM32H7S3I8K6, STM32H7S3I8T6, STM32H7S3L8H6, STM32H7S3L8H6H, STM32H7S3R8V6, STM32H7S3V8H6, STM32H7S3V8T6, STM32H7S3V8Y6TR, STM32H7S3Z8J6, STM32H7S3Z8T6, STM32H7S78-DK, STM32H7S7A8I6, STM32H7S7I8K6, STM32H7S7I8T6, STM32H7S7L8H6, STM32H7S7L8H6H, STM32H7S7Z8J6, STM32L4R5QGI6STR, STM32MP131AAE3, STM32MP131AAF3, STM32MP131AAG3, STM32MP131CAE3, STM32MP131CAF3, STM32MP131CAG3, STM32MP131DAE7, STM32MP131DAF7, STM32MP131DAG7, STM32MP131FAE7, STM32MP131FAF7, STM32MP131FAG7, STM32MP133AAE3, STM32MP133AAF3, STM32MP133AAG3, STM32MP133CAE3, STM32MP133CAF3, STM32MP133CAG3, STM32MP133DAE7, STM32MP133DAF7, STM32MP133DAG7, STM32MP133FAE7, STM32MP133FAF7, STM32MP133FAG7, STM32MP135AAE3, STM32MP135AAF3, STM32MP135AAG3, STM32MP135CAE3, STM32MP135CAF3, STM32MP135CAG3, STM32MP135DAE7, STM32MP135DAF7, STM32MP135DAG7, STM32MP135F-DK, STM32MP135FAE7, STM32MP135FAF7, STM32MP135FAF7T, STM32MP135FAF7U, STM32MP135FAG7, STM32MP231AAJ3, STM32MP231AAK3, STM32MP231AAL3, STM32MP231CAJ3, STM32MP231CAK3, STM32MP231CAL3, STM32MP231DAJ3, STM32MP231DAK3, STM32MP231DAL3, STM32MP231FAJ3, STM32MP231FAK3, STM32MP231FAL3, STM32MP233AAJ3, STM32MP233AAK3, STM32MP233AAL3, STM32MP233CAJ3, STM32MP233CAK3, STM32MP233CAL3, STM32MP233DAJ3, STM32MP233DAK3, STM32MP233DAL3, STM32MP233FAJ3, STM32MP233FAK3, STM32MP233FAL3, STM32MP235AAJ3, STM32MP235AAK3, STM32MP235AAL3, STM32MP235CAJ3, STM32MP235CAK3, STM32MP235CAL3, STM32MP235DAJ3, STM32MP235DAK3, STM32MP235DAL3, STM32MP235FAJ3, STM32MP235FAK3, STM32MP235FAL3, STM32MP251AAI3, STM32MP251AAJ3, STM32MP251AAK3, STM32MP251AAL3, STM32MP251CAI3, STM32MP251CAJ3, STM32MP251CAK3, STM32MP251CAL3, STM32MP251DAI3, STM32MP251DAJ3, STM32MP251DAK3, STM32MP251DAL3, STM32MP251FAI3, STM32MP251FAJ3, STM32MP251FAK3, STM32MP251FAL3, STM32MP253AAI3, STM32MP253AAJ3, STM32MP253AAK3, STM32MP253AAL3, STM32MP253CAI3, STM32MP253CAJ3, STM32MP253CAK3, STM32MP253CAL3, STM32MP253DAI3, STM32MP253DAJ3, STM32MP253DAK3, STM32MP253DAL3, STM32MP253FAI3, STM32MP253FAJ3, STM32MP253FAK3, STM32MP253FAL3, STM32MP255AAI3, STM32MP255AAJ3, STM32MP255AAK3, STM32MP255AAL3, STM32MP255CAI3, STM32MP255CAJ3, STM32MP255CAK3, STM32MP255CAL3, STM32MP255DAI3, STM32MP255DAJ3, STM32MP255DAK3, STM32MP255DAL3, STM32MP255FAI3, STM32MP255FAJ3, STM32MP255FAK3, STM32MP255FAL3, STM32MP257AAI3, STM32MP257AAJ3, STM32MP257AAK3, STM32MP257AAL3, STM32MP257CAI3, STM32MP257CAJ3, STM32MP257CAK3, STM32MP257CAL3, STM32MP257DAI3, STM32MP257DAJ3, STM32MP257DAK3, STM32MP257DAL3, STM32MP257F-DK, STM32MP257F-EV1, STM32MP257FAI3, STM32MP257FAJ3, STM32MP257FAK3, STM32MP257FAL3, STM32N645A0H3Q, STM32N645B0H3Q, STM32N645I0H3Q, STM32N645L0H3Q, STM32N645X0H3Q, STM32N645Z0H3Q, STM32N647A0H3Q, STM32N647B0H3Q, STM32N647I0H3Q, STM32N647L0H3Q, STM32N647X0H3Q, STM32N647Z0H3Q, STM32N655A0H3Q, STM32N655B0H3Q, STM32N655I0H3Q, STM32N655L0H3Q, STM32N655X0H3Q, STM32N655Z0H3Q, STM32N6570-DK, STM32N657A0H3Q, STM32N657B0H3Q, STM32N657I0H3Q, STM32N657L0H3Q, STM32N657X0H3Q, STM32N657Z0H3Q, STM32U031C6T6, STM32U031C6U6, STM32U031C8T6, STM32U031C8U6, STM32U031F4P6, STM32U031F6P6, STM32U031F8P6, STM32U031G6Y6TR, STM32U031G8Y6TR, STM32U031K4U6, STM32U031K6U6, STM32U031K8U6, STM32U031R6I6, STM32U031R6T6, STM32U031R8I6, STM32U031R8T6, STM32U073C8T6, STM32U073C8U6, STM32U073CBT6, STM32U073CBU6, STM32U073CCT6, STM32U073CCU6, STM32U073H8Y6TR, STM32U073HBY6TR, STM32U073HCY6TR, STM32U073K8U6, STM32U073KBU6, STM32U073KCU6, STM32U073M8I6, STM32U073M8T6, STM32U073MBI6, STM32U073MBT6, STM32U073MCI6, STM32U073MCT6, STM32U073R8I6, STM32U073R8T6, STM32U073RBI6, STM32U073RBT6, STM32U073RCI6, STM32U073RCT6, STM32U083C-DK, STM32U083CCT6, STM32U083CCU6, STM32U083HCY6TR, STM32U083KCU6, STM32U083MCI6, STM32U083MCT6, STM32U083RCI6, STM32U083RCT6, STM32U375CET6, STM32U375CET6Q, STM32U375CEU6, STM32U375CEU6Q, STM32U375CEY6QTR, STM32U375CGT6, STM32U375CGT6Q, STM32U375CGU6, STM32U375CGU6Q, STM32U375CGY6QTR, STM32U375KEU6, STM32U375KGU6, STM32U375REI6, STM32U375REI6Q, STM32U375RET6, STM32U375RET6Q, STM32U375REY6GTR, STM32U375REY6QTR, STM32U375RGI6, STM32U375RGI6Q, STM32U375RGT6, STM32U375RGT6Q, STM32U375RGY6GTR, STM32U375RGY6QTR, STM32U375VEI6, STM32U375VEI6Q, STM32U375VET6, STM32U375VET6Q, STM32U375VGI6, STM32U375VGI6Q, STM32U375VGT6, STM32U375VGT6Q, STM32U385CGT6, STM32U385CGT6Q, STM32U385CGU6, STM32U385CGU6Q, STM32U385CGY6QTR, STM32U385KGU6, STM32U385RGI6, STM32U385RGI6Q, STM32U385RGT6, STM32U385RGT6Q, STM32U385RGY6GTR, STM32U385RGY6QTR, STM32U385VGI6, STM32U385VGI6Q, STM32U385VGT6, STM32U385VGT6Q, STM32U535CBT6, STM32U535CBT6Q, STM32U535CBU6, STM32U535CBU6Q, STM32U535CCT6, STM32U535CCT6Q, STM32U535CCU6, STM32U535CCU6Q, STM32U535CET6, STM32U535CET6Q, STM32U535CEU6, STM32U535CEU6Q, STM32U535JEY6QTR, STM32U535NCY6QTR, STM32U535NEY6QTR, STM32U535RBI6, STM32U535RBI6Q, STM32U535RBT6, STM32U535RBT6Q, STM32U535RCI6, STM32U535RCI6Q, STM32U535RCT6, STM32U535RCT6Q, STM32U535REI6, STM32U535REI6Q, STM32U535RET6, STM32U535RET6Q, STM32U535VCI6, STM32U535VCI6Q, STM32U535VCT6, STM32U535VCT6Q, STM32U535VEI6, STM32U535VEI6Q, STM32U535VET6, STM32U535VET6Q, STM32U545CET6, STM32U545CET6Q, STM32U545CEU6, STM32U545CEU6Q, STM32U545JEY6QTR, STM32U545NEY6QTR, STM32U545REI6, STM32U545REI6Q, STM32U545RET6, STM32U545RET6Q, STM32U545VEI6, STM32U545VEI6Q, STM32U545VET6, STM32U545VET6Q, STM32U595AIH6, STM32U595AIH6Q, STM32U595AJH6, STM32U595AJH6Q, STM32U595QII6, STM32U595QII6Q, STM32U595QJI6, STM32U595QJI6Q, STM32U595RIT6, STM32U595RIT6Q, STM32U595RJT6, STM32U595RJT6Q, STM32U595VIT6, STM32U595VIT6Q, STM32U595VJT6, STM32U595VJT6Q, STM32U595ZIT6, STM32U595ZIT6Q, STM32U595ZIY6QTR, STM32U595ZJT6, STM32U595ZJT6Q, STM32U595ZJY6QTR, STM32U599BJY6QTR, STM32U599NIH6Q, STM32U599NJH6Q, STM32U599VIT6Q, STM32U599VJT6, STM32U599VJT6Q, STM32U599ZIT6Q, STM32U599ZIY6QTR, STM32U599ZJT6Q, STM32U599ZJY6QTR, STM32U5A5AJH6, STM32U5A5AJH6Q, STM32U5A5QII3Q , STM32U5A5QJI6, STM32U5A5QJI6Q, STM32U5A5RJT6, STM32U5A5RJT6Q, STM32U5A5VJT6, STM32U5A5VJT6Q, STM32U5A5ZJT6, STM32U5A5ZJT6Q, STM32U5A5ZJY6QTR, STM32U5A9BJY6QTR, STM32U5A9J-DK, STM32U5A9NJH6Q, STM32U5A9VJT6Q, STM32U5A9ZJT6Q, STM32U5A9ZJY6QTR, STM32U5F7VIT6, STM32U5F7VIT6Q, STM32U5F7VJT6, STM32U5F7VJT6Q, STM32U5F9BJY6QTR, STM32U5F9NJH6Q, STM32U5F9VIT6Q, STM32U5F9VJT6Q, STM32U5F9ZIJ6QTR, STM32U5F9ZIT6Q, STM32U5F9ZJJ6QTR, STM32U5F9ZJT6Q, STM32U5G7VJT6, STM32U5G7VJT6Q, STM32U5G9BJY6QTR, STM32U5G9J-DK1, STM32U5G9J-DK2, STM32U5G9NJH6Q, STM32U5G9VJT6Q, STM32U5G9ZJJ6QTR, STM32U5G9ZJT6Q, STM32WB05KZV6TR, STM32WB05KZV7TR, STM32WB05TZF6TR, STM32WB05TZF7TR, STM32WB06CCF6TR, STM32WB06CCF7TR, STM32WB06CCV6TR, STM32WB06CCV7TR, STM32WB06KCV6TR, STM32WB06KCV7TR, STM32WB07CCF6TR, STM32WB07CCF7TR, STM32WB07CCV6TR, STM32WB07CCV7TR, STM32WB07KCV6TR, STM32WB07KCV7TR, STM32WB09KEV6TR, STM32WB09KEV7TR, STM32WB09TEF6TR, STM32WB09TEF7TR, STM32WB1MMCH6, STM32WBA50KGU6, STM32WBA50KGU6TR, STM32WBA52CEU6, STM32WBA52CEU6TR, STM32WBA52CEU7, STM32WBA52CEU7TR, STM32WBA52CGU6, STM32WBA52CGU6TR, STM32WBA52CGU6U, STM32WBA52CGU7, STM32WBA52CGU7TR, STM32WBA52KEU6, STM32WBA52KEU6TR, STM32WBA52KGU6, STM32WBA52KGU6TR, STM32WBA54CEU6, STM32WBA54CEU6TR, STM32WBA54CEU7, STM32WBA54CEU7TR, STM32WBA54CGU6, STM32WBA54CGU6TR, STM32WBA54CGU7, STM32WBA54CGU7TR, STM32WBA54KEU6, STM32WBA54KEU6TR, STM32WBA54KEU7, STM32WBA54KEU7TR, STM32WBA54KGU6, STM32WBA54KGU6TR, STM32WBA54KGU7, STM32WBA54KGU7TR, STM32WBA55CEU6, STM32WBA55CEU6TR, STM32WBA55CEU7, STM32WBA55CEU7TR, STM32WBA55CGU6, STM32WBA55CGU6TR, STM32WBA55CGU6U, STM32WBA55CGU7, STM32WBA55CGU7TR, STM32WBA55G-DK1, STM32WBA55HEF6, STM32WBA55HEF7, STM32WBA55HGF6, STM32WBA55HGF7, STM32WBA55UEI6, STM32WBA55UEI6TR, STM32WBA55UEI7, STM32WBA55UEI7TR, STM32WBA55UGI6, STM32WBA55UGI6TR, STM32WBA55UGI7, STM32WBA55UGI7TR, STM32WBA5MJGH6TR, STM32WBA62CGU6, STM32WBA62CIU6, STM32WBA62MGF6, STM32WBA62MIF6, STM32WBA62PGI6, STM32WBA62PII6, STM32WBA63CGU6, STM32WBA63CGU7, STM32WBA63CIU6, STM32WBA63CIU7, STM32WBA64CGU6, STM32WBA64CGU7, STM32WBA64CIU6, STM32WBA64CIU7, STM32WBA65CGU6, STM32WBA65CGU7, STM32WBA65CIU6, STM32WBA65CIU7, STM32WBA65I-DK1, STM32WBA65MGF6, STM32WBA65MGF7, STM32WBA65MIF6, STM32WBA65MIF7, STM32WBA65PGI6, STM32WBA65PGI7, STM32WBA65PII6, STM32WBA65PII7, STM32WBA65RGV6, STM32WBA65RGV7, STM32WBA65RIV6, STM32WBA65RIV7, STM32WL30K8V6, STM32WL30KBV6, STM32WL31C8V6, STM32WL31CBV6, STM32WL31K8V6, STM32WL31KBV6, STM32WL33C8V6, STM32WL33C8V6TR, STM32WL33C8V7, STM32WL33C8V7TR, STM32WL33CBV6, STM32WL33CBV6TR, STM32WL33CBV7, STM32WL33CBV7TR, STM32WL33CCV6, STM32WL33CCV6TR, STM32WL33CCV7, STM32WL33CCV7A, STM32WL33CCV7ATR, STM32WL33CCV7TR, STM32WL33K8V6, STM32WL33K8V6TR, STM32WL33K8V7, STM32WL33K8V7TR, STM32WL33KBV6, STM32WL33KBV6TR, STM32WL33KBV7, STM32WL33KBV7TR, STM32WL33KCV6, STM32WL33KCV6TR, STM32WL33KCV7, STM32WL33KCV7TR, STM32WL5MOCH6, STM32WL5MOCH6TR]
2026-05-07 17:27:01,238 [INFO] DbMcus:218 - Found 5051 MCUs, 4964 are supported
2026-05-07 17:27:01,240 [INFO] ApiDb:423 - Load user favorites file C:\Users\JH/.stm32cubeide/favorites.mcus.txt: 0 item(s)
2026-05-07 17:27:01,241 [INFO] ApiDb:427 - User favorites MCUs=[]
2026-05-07 17:27:01,241 [INFO] DbMcus:224 - Set 0 / 0 favorites MCUs
2026-05-07 17:27:02,129 [INFO] BoardInfo:889 - No configuration file found for board NUCLEO-H5E5ZJ
2026-05-07 17:27:02,130 [INFO] DbBoards:161 - Board is not supported: NUCLEO-H5E5ZJ
2026-05-07 17:27:02,179 [INFO] BoardInfo:889 - No configuration file found for board NUCLEO-U3C5ZI-Q
2026-05-07 17:27:02,180 [INFO] DbBoards:161 - Board is not supported: NUCLEO-U3C5ZI-Q
2026-05-07 17:27:02,193 [INFO] BoardInfo:889 - No configuration file found for board NUCLEO-WBA25CE1
2026-05-07 17:27:02,194 [INFO] DbBoards:161 - Board is not supported: NUCLEO-WBA25CE1
2026-05-07 17:27:02,202 [INFO] BoardInfo:889 - No configuration file found for board NUCLEO-WL3RKB1
2026-05-07 17:27:02,203 [INFO] DbBoards:161 - Board is not supported: NUCLEO-WL3RKB1
2026-05-07 17:27:02,204 [INFO] BoardInfo:889 - No configuration file found for board NUCLEO-WL3RKB2
2026-05-07 17:27:02,204 [INFO] DbBoards:161 - Board is not supported: NUCLEO-WL3RKB2
2026-05-07 17:27:02,211 [INFO] BoardInfo:889 - No configuration file found for board P-NUCLEO-WB55
2026-05-07 17:27:02,212 [INFO] DbBoards:161 - Kit is not supported: P-NUCLEO-WB55
2026-05-07 17:27:02,217 [INFO] BoardInfo:889 - No configuration file found for board STEVAL-BFA001V1B
2026-05-07 17:27:02,218 [INFO] DbBoards:161 - Kit is not supported: STEVAL-BFA001V1B
2026-05-07 17:27:02,219 [INFO] BoardInfo:889 - No configuration file found for board STEVAL-BFA001V2B
2026-05-07 17:27:02,220 [INFO] DbBoards:161 - Kit is not supported: STEVAL-BFA001V2B
2026-05-07 17:27:02,316 [INFO] BoardInfo:889 - No configuration file found for board STM32H5F5J-DK
2026-05-07 17:27:02,317 [INFO] DbBoards:161 - Board is not supported: STM32H5F5J-DK
2026-05-07 17:27:02,377 [INFO] BoardInfo:889 - No configuration file found for board STM32MP215F-DK
2026-05-07 17:27:02,378 [INFO] DbBoards:161 - Board is not supported: STM32MP215F-DK
2026-05-07 17:27:02,411 [INFO] DbBoards:168 - Found 218 boards, 208 are supported
2026-05-07 17:27:02,411 [INFO] DbBoards:169 - Found 218 boards, 43 of them is supported for  Bsp
2026-05-07 17:27:02,432 [INFO] ApiDb:423 - Load user favorites file C:\Users\JH/.stm32cubeide/favorites.boards.txt: 1 item(s)
2026-05-07 17:27:02,433 [INFO] ApiDb:427 - User favorites Boards=[NUCLEO-L432KC]
2026-05-07 17:27:02,433 [INFO] DbBoards:198 - Set 1 / 1 favorites Boards
2026-05-07 17:27:02,498 [INFO] UtilMem:75 - End LoadConfig() Used Memory: 797057072 Bytes (1073741824)
2026-05-07 17:27:02,958 [WARN] ThirdParty:833 - waiting for thirdparty lock release [change project]
2026-05-07 17:27:02,959 [INFO] ThirdParty:835 - entering critical section [change project]
2026-05-07 17:27:02,959 [INFO] ThirdParty:1030 - CMSIS Pack Vendor :STMicroelectronics X-CUBE-AZRTOS-H7 3.5.0
2026-05-07 17:27:02,959 [INFO] ThirdParty:1030 - CMSIS Pack Vendor :STMicroelectronics X-CUBE-PM33A1 1.0.0
2026-05-07 17:27:02,959 [INFO] ThirdParty:1030 - CMSIS Pack Vendor :STMicroelectronics USBPD 4.1
2026-05-07 17:27:02,960 [INFO] ThirdParty:1030 - CMSIS Pack Vendor :STMicroelectronics X-CUBE-NFC9 1.0.0
2026-05-07 17:27:02,960 [INFO] ThirdParty:1030 - CMSIS Pack Vendor :STMicroelectronics USB_HOST 2.0.0
2026-05-07 17:27:02,960 [INFO] ThirdParty:1030 - CMSIS Pack Vendor :STMicroelectronics X-CUBE-AZRTOS-F4 1.1.0
2026-05-07 17:27:02,960 [INFO] ThirdParty:1030 - CMSIS Pack Vendor :STMicroelectronics LIBJPEG 8.0.0
2026-05-07 17:27:02,960 [INFO] ThirdParty:1030 - CMSIS Pack Vendor :STMicroelectronics FP-ATR-ASTRA1 2.0.2
2026-05-07 17:27:02,960 [INFO] ThirdParty:1030 - CMSIS Pack Vendor :STMicroelectronics X-CUBE-BLE1 7.1.0
2026-05-07 17:27:02,960 [INFO] ThirdParty:1030 - CMSIS Pack Vendor :STMicroelectronics X-CUBE-SMBUS 2.1.0
2026-05-07 17:27:02,960 [INFO] ThirdParty:1030 - CMSIS Pack Vendor :wolfSSL I-CUBE-wolfMQTT 1.19.2
2026-05-07 17:27:02,960 [INFO] ThirdParty:1030 - CMSIS Pack Vendor :STMicroelectronics USB_DEVICE 3.0.0
2026-05-07 17:27:02,960 [INFO] ThirdParty:1030 - CMSIS Pack Vendor :STMicroelectronics X-CUBE-ISPU 2.1.0
2026-05-07 17:27:02,960 [INFO] ThirdParty:1030 - CMSIS Pack Vendor :STMicroelectronics X-CUBE-EEPRMA1 5.2.0
2026-05-07 17:27:02,960 [INFO] ThirdParty:1030 - CMSIS Pack Vendor :STMicroelectronics X-CUBE-BLEMGR 4.1.0
2026-05-07 17:27:02,960 [INFO] ThirdParty:1030 - CMSIS Pack Vendor :STMicroelectronics eDS-WB_DPC_TT-BIDIR 2.1.1
2026-05-07 17:27:02,960 [INFO] ThirdParty:1030 - CMSIS Pack Vendor :STMicroelectronics X-CUBE-AZRTOS-WB 2.0.0
2026-05-07 17:27:02,961 [INFO] ThirdParty:1030 - CMSIS Pack Vendor :wolfSSL I-CUBE-wolfSSL 5.8.4
2026-05-07 17:27:02,961 [INFO] ThirdParty:1030 - CMSIS Pack Vendor :Cesanta I-CUBE-Mongoose 7.20.0
2026-05-07 17:27:02,961 [INFO] ThirdParty:1030 - CMSIS Pack Vendor :STMicroelectronics X-CUBE-NFC12 1.0.0
2026-05-07 17:27:02,961 [INFO] ThirdParty:1030 - CMSIS Pack Vendor :STMicroelectronics X-CUBE-AZRTOS-F7 1.1.0
2026-05-07 17:27:02,962 [INFO] ThirdParty:1030 - CMSIS Pack Vendor :STMicroelectronics X-CUBE-AZRTOS-L5 2.0.0
2026-05-07 17:27:02,962 [INFO] ThirdParty:1030 - CMSIS Pack Vendor :STMicroelectronics USB_DEVICE 2.0.0
2026-05-07 17:27:02,962 [INFO] ThirdParty:1030 - CMSIS Pack Vendor :quantropi X-CUBE-qispace-sdk-base 2.1.0
2026-05-07 17:27:02,962 [INFO] ThirdParty:1030 - CMSIS Pack Vendor :STMicroelectronics X-CUBE-MEMS1 12.0.0
2026-05-07 17:27:02,962 [INFO] ThirdParty:1030 - CMSIS Pack Vendor :STMicroelectronics X-CUBE-STSE01 2.0.0
2026-05-07 17:27:02,963 [INFO] ThirdParty:1030 - CMSIS Pack Vendor :STMicroelectronics FreeRTOS 0.0.1
2026-05-07 17:27:02,963 [INFO] ThirdParty:1030 - CMSIS Pack Vendor :STMicroelectronics X-CUBE-AZRTOS-G0 1.1.0
2026-05-07 17:27:02,963 [INFO] ThirdParty:1030 - CMSIS Pack Vendor :STMicroelectronics X-CUBE-NFC4 3.0.0
2026-05-07 17:27:02,963 [INFO] ThirdParty:1030 - CMSIS Pack Vendor :STMicroelectronics X-CUBE-SUBG2 5.0.0
2026-05-07 17:27:02,963 [INFO] ThirdParty:1030 - CMSIS Pack Vendor :STMicroelectronics STM32_WPAN 1.0.0
2026-05-07 17:27:02,963 [INFO] ThirdParty:1030 - CMSIS Pack Vendor :STMicroelectronics eDS-WB_DPC_VIENNA 1.2.0
2026-05-07 17:27:02,963 [INFO] ThirdParty:1030 - CMSIS Pack Vendor :EmbeddedOffice I-CUBE-FS-RTOS 1.0.1
2026-05-07 17:27:02,963 [INFO] ThirdParty:1030 - CMSIS Pack Vendor :STMicroelectronics lwIP 2.0.3
2026-05-07 17:27:02,963 [INFO] ThirdParty:1030 - CMSIS Pack Vendor :STMicroelectronics eDS-WB_DPC_3PH2L-BIDIR 1.1.1
2026-05-07 17:27:02,963 [INFO] ThirdParty:1030 - CMSIS Pack Vendor :STMicroelectronics USB_HOST 1.0.0
2026-05-07 17:27:02,963 [INFO] ThirdParty:1030 - CMSIS Pack Vendor :STMicroelectronics X-CUBE-AZRTOS-G4 2.0.0
2026-05-07 17:27:02,963 [INFO] ThirdParty:1030 - CMSIS Pack Vendor :STMicroelectronics X-CUBE-WB05N 2.0.0
2026-05-07 17:27:02,963 [INFO] ThirdParty:1030 - CMSIS Pack Vendor :STMicroelectronics PDM2PCM 3.1.0
2026-05-07 17:27:02,963 [INFO] ThirdParty:1030 - CMSIS Pack Vendor :STMicroelectronics PDM2PCM 3.3.0
2026-05-07 17:27:02,963 [INFO] ThirdParty:1030 - CMSIS Pack Vendor :wolfSSL I-CUBE-wolfTPM 3.8.0
2026-05-07 17:27:02,963 [INFO] ThirdParty:1030 - CMSIS Pack Vendor :STMicroelectronics X-CUBE-DISPLAY 3.0.0
2026-05-07 17:27:02,963 [INFO] ThirdParty:1030 - CMSIS Pack Vendor :wolfSSL I-CUBE-wolfSSH 1.4.20
2026-05-07 17:27:02,963 [INFO] ThirdParty:1030 - CMSIS Pack Vendor :STMicroelectronics X-CUBE-NFC7 2.0.0
2026-05-07 17:27:02,963 [INFO] ThirdParty:1030 - CMSIS Pack Vendor :STMicroelectronics X-CUBE-GNSS1 7.1.1
2026-05-07 17:27:02,964 [INFO] ThirdParty:1030 - CMSIS Pack Vendor :STMicroelectronics X-CUBE-TCPP 4.2.0
2026-05-07 17:27:02,964 [INFO] ThirdParty:1030 - CMSIS Pack Vendor :RealThread X-CUBE-RT-Thread_Nano 4.1.1
2026-05-07 17:27:02,964 [INFO] ThirdParty:1030 - CMSIS Pack Vendor :STMicroelectronics FP-ATR-SIGFOX1 3.2.0
2026-05-07 17:27:02,964 [INFO] ThirdParty:1030 - CMSIS Pack Vendor :STMicroelectronics X-CUBE-NFC10 1.0.0
2026-05-07 17:27:02,964 [INFO] ThirdParty:1030 - CMSIS Pack Vendor :STMicroelectronics HAL Drivers 0.0.0
2026-05-07 17:27:02,964 [INFO] ThirdParty:1030 - CMSIS Pack Vendor :STMicroelectronics MBEDTLS 2.16.2
2026-05-07 17:27:02,964 [INFO] ThirdParty:1030 - CMSIS Pack Vendor :STMicroelectronics X-CUBE-ST60 1.1.0
2026-05-07 17:27:02,964 [INFO] ThirdParty:1030 - CMSIS Pack Vendor :STMicroelectronics X-CUBE-ALS 1.0.2
2026-05-07 17:27:02,964 [INFO] ThirdParty:1030 - CMSIS Pack Vendor :emotas I-CUBE-CANOPEN 1.3.0
2026-05-07 17:27:02,964 [INFO] ThirdParty:1030 - CMSIS Pack Vendor :STMicroelectronics MBEDTLS 2.14.1
2026-05-07 17:27:02,965 [INFO] ThirdParty:1030 - CMSIS Pack Vendor :STMicroelectronics X-CUBE-GNSS1 7.1.0
2026-05-07 17:27:02,965 [INFO] ThirdParty:1030 - CMSIS Pack Vendor :ITTIA_DB I-CUBE-ITTIADB 8.9.0
2026-05-07 17:27:02,965 [INFO] ThirdParty:1030 - CMSIS Pack Vendor :STMicroelectronics X-CUBE-TOUCHGFX 4.26.1
2026-05-07 17:27:02,965 [INFO] ThirdParty:1030 - CMSIS Pack Vendor :STMicroelectronics X-CUBE-NFC6 3.2.0
2026-05-07 17:27:02,965 [INFO] ThirdParty:1030 - CMSIS Pack Vendor :STMicroelectronics X-CUBE-AI 10.2.0
2026-05-07 17:27:02,965 [INFO] ThirdParty:1030 - CMSIS Pack Vendor :STMicroelectronics FP-SNS-STAIOTCFT 1.0.0
2026-05-07 17:27:02,965 [INFO] ThirdParty:1030 - CMSIS Pack Vendor :STMicroelectronics ThreadX 1.0.0
2026-05-07 17:27:02,965 [INFO] ThirdParty:1030 - CMSIS Pack Vendor :STMicroelectronics FP-SNS-SMARTAG2 1.2.0
2026-05-07 17:27:02,965 [INFO] ThirdParty:1030 - CMSIS Pack Vendor :STMicroelectronics X-CUBE-MEMS1 12.1.0
2026-05-07 17:27:02,965 [INFO] ThirdParty:1030 - CMSIS Pack Vendor :STMicroelectronics FP-SNS-FLIGHT1 5.1.0
2026-05-07 17:27:02,965 [INFO] ThirdParty:1030 - CMSIS Pack Vendor :STMicroelectronics X-CUBE-AZRTOS-WL 2.0.0
2026-05-07 17:27:02,965 [INFO] ThirdParty:1030 - CMSIS Pack Vendor :SEGGER I-CUBE-embOS 1.3.1
2026-05-07 17:27:02,965 [INFO] ThirdParty:1030 - CMSIS Pack Vendor :STMicroelectronics X-CUBE-ALGOBUILD 1.4.0
2026-05-07 17:27:02,965 [INFO] ThirdParty:1030 - CMSIS Pack Vendor :STMicroelectronics X-CUBE-DPower 1.3.0
2026-05-07 17:27:02,965 [INFO] ThirdParty:1030 - CMSIS Pack Vendor :STMicroelectronics USB_DEVICE 1.0.0
2026-05-07 17:27:02,966 [INFO] ThirdParty:1030 - CMSIS Pack Vendor :STMicroelectronics X-CUBE-AZRTOS-H7RS 1.2.0
2026-05-07 17:27:02,966 [INFO] ThirdParty:1030 - CMSIS Pack Vendor :STMicroelectronics X-CUBE-AZRTOS-L4 2.0.0
2026-05-07 17:27:02,966 [INFO] ThirdParty:1030 - CMSIS Pack Vendor :STMicroelectronics ThreadX 0.0.2
2026-05-07 17:27:02,966 [INFO] ThirdParty:1030 - CMSIS Pack Vendor :STMicroelectronics lwIP 2.1.2
2026-05-07 17:27:02,966 [INFO] ThirdParty:1030 - CMSIS Pack Vendor :STMicroelectronics X-CUBE-SFXS2LP1 4.0.0
2026-05-07 17:27:02,966 [INFO] ThirdParty:1030 - CMSIS Pack Vendor :STMicroelectronics X-CUBE-BLE2 3.3.0
2026-05-07 17:27:02,966 [INFO] ThirdParty:1030 - CMSIS Pack Vendor :Avnet-IOTCONNECT X-CUBE-iotc-st67-sdk 1.0.0
2026-05-07 17:27:02,966 [INFO] ThirdParty:1030 - CMSIS Pack Vendor :STMicroelectronics X-CUBE-TOF1 3.4.3
2026-05-07 17:27:02,966 [INFO] ThirdParty:1030 - CMSIS Pack Vendor :Infineon AIROC-Wi-Fi-Bluetooth-STM32 1.8.0
2026-05-07 17:27:02,966 [INFO] ThirdParty:1030 - CMSIS Pack Vendor :STMicroelectronics PDM2PCM 3.2.0
2026-05-07 17:27:02,966 [INFO] ThirdParty:1030 - CMSIS Pack Vendor :STMicroelectronics X-CUBE-WB05N 2.1.0
2026-05-07 17:27:02,967 [INFO] ThirdParty:841 - exiting critical section [change project]
2026-05-07 17:27:03,703 [INFO] PinOutPanel:1589 - setPackage(No Configuration,No Configuration)
2026-05-07 17:27:03,705 [INFO] PinOutPanel:1589 - setPackage(STM32L432KCUx,UFQFPN32)
2026-05-07 17:27:04,578 [INFO] UtilMem:75 - Before build in PCC Used Memory: 931271560 Bytes (1073741824)
2026-05-07 17:27:06,450 [INFO] UtilMem:75 - After build in PCC Used Memory: 718405480 Bytes (1073741824)
2026-05-07 17:27:06,509 [INFO] IPUIPlugin:80 - create IPUIPlugin
2026-05-07 17:27:06,509 [INFO] IPUIPlugin:80 - create IPUIPlugin
2026-05-07 17:27:06,510 [INFO] IPUIPlugin:80 - create IPUIPlugin
2026-05-07 17:27:06,510 [INFO] IPUIPlugin:80 - create IPUIPlugin
2026-05-07 17:27:06,510 [INFO] IPUIPlugin:80 - create IPUIPlugin
2026-05-07 17:27:06,511 [INFO] IPUIPlugin:80 - create IPUIPlugin
2026-05-07 17:27:06,511 [INFO] IPUIPlugin:80 - create IPUIPlugin
2026-05-07 17:27:06,511 [INFO] IPUIPlugin:80 - create IPUIPlugin
2026-05-07 17:27:06,511 [INFO] IPUIPlugin:80 - create IPUIPlugin
2026-05-07 17:27:06,512 [INFO] IPUIPlugin:80 - create IPUIPlugin
2026-05-07 17:27:06,512 [INFO] IPUIPlugin:80 - create IPUIPlugin
2026-05-07 17:27:06,512 [INFO] IPUIPlugin:80 - create IPUIPlugin
2026-05-07 17:27:06,513 [INFO] IPUIPlugin:80 - create IPUIPlugin
2026-05-07 17:27:06,513 [INFO] IPUIPlugin:80 - create IPUIPlugin
2026-05-07 17:27:06,515 [INFO] IPUIPlugin:80 - create IPUIPlugin
2026-05-07 17:27:06,515 [INFO] IPUIPlugin:80 - create IPUIPlugin
2026-05-07 17:27:06,516 [INFO] IPUIPlugin:80 - create IPUIPlugin
2026-05-07 17:27:06,516 [INFO] IPUIPlugin:80 - create IPUIPlugin
2026-05-07 17:27:06,517 [INFO] IPUIPlugin:80 - create IPUIPlugin
2026-05-07 17:27:06,517 [INFO] IPUIPlugin:80 - create IPUIPlugin
2026-05-07 17:27:06,517 [INFO] IPUIPlugin:80 - create IPUIPlugin
2026-05-07 17:27:06,517 [INFO] IPUIPlugin:80 - create IPUIPlugin
2026-05-07 17:27:06,519 [INFO] IPUIPlugin:80 - create IPUIPlugin
2026-05-07 17:27:06,519 [INFO] IPUIPlugin:80 - create IPUIPlugin
2026-05-07 17:27:06,520 [INFO] IPUIPlugin:80 - create IPUIPlugin
2026-05-07 17:27:06,521 [INFO] IPUIPlugin:80 - create IPUIPlugin
2026-05-07 17:27:06,521 [INFO] IPUIPlugin:80 - create IPUIPlugin
2026-05-07 17:27:06,522 [INFO] IPUIPlugin:80 - create IPUIPlugin
2026-05-07 17:27:06,522 [INFO] IPUIPlugin:80 - create IPUIPlugin
2026-05-07 17:27:06,522 [INFO] IPUIPlugin:80 - create IPUIPlugin
2026-05-07 17:27:06,523 [INFO] IPUIPlugin:80 - create IPUIPlugin
2026-05-07 17:27:06,523 [INFO] IPUIPlugin:80 - create IPUIPlugin
2026-05-07 17:27:06,523 [INFO] IPUIPlugin:80 - create IPUIPlugin
2026-05-07 17:27:06,524 [INFO] IPUIPlugin:80 - create IPUIPlugin
2026-05-07 17:27:06,526 [INFO] IPUIPlugin:80 - create IPUIPlugin
2026-05-07 17:27:06,526 [INFO] IPUIPlugin:80 - create IPUIPlugin
2026-05-07 17:27:06,527 [INFO] IPUIPlugin:80 - create IPUIPlugin
2026-05-07 17:27:06,527 [INFO] IPUIPlugin:80 - create IPUIPlugin
2026-05-07 17:27:06,528 [INFO] IPUIPlugin:80 - create IPUIPlugin
2026-05-07 17:27:06,528 [INFO] IPUIPlugin:80 - create IPUIPlugin
2026-05-07 17:27:06,529 [INFO] IPUIPlugin:80 - create IPUIPlugin
2026-05-07 17:27:07,019 [INFO] CADModel:165 - CPN selected for project levelSTM32L432KCU3
2026-05-07 17:27:07,019 [INFO] CADModel:114 - Register for checkConnection events
2026-05-07 17:27:07,113 [INFO] OpenFileManager:385 - Restore cursor
2026-05-07 17:27:32,742 [INFO] MainUpdater:2872 - connection check result : 10
2026-05-07 17:27:32,758 [INFO] McuFinderGlobals:76 - Set McuFinderConnectedMode to true
2026-05-07 17:27:33,324 [INFO] ServerAccessManage:473 - Download File mcusAds.json._tmp_
2026-05-07 17:27:33,557 [INFO] LoadUrlFilesThread:156 - End of LoadUrlFiles Thread
2026-05-07 17:27:33,755 [INFO] ServerAccessManage:473 - Download File cube-finder-db.zip
2026-05-07 17:27:44,120 [INFO] FileExtend:242 - Unzip File : cube-finder-db.zip
2026-05-07 17:27:44,121 [INFO] FileExtend:257 - Standard Zip Deflate
2026-05-07 17:27:45,691 [INFO] LoadUrlFilesThread:156 - End of LoadUrlFiles Thread
2026-05-07 17:27:47,305 [INFO] ServerAccessManage:473 - Download File crdb.zip
2026-05-07 17:27:49,723 [INFO] FileExtend:242 - Unzip File : crdb.zip
2026-05-07 17:27:49,724 [INFO] FileExtend:257 - Standard Zip Deflate
2026-05-07 17:27:49,958 [INFO] LoadUrlFilesThread:156 - End of LoadUrlFiles Thread
2026-05-07 17:27:50,121 [INFO] ServerAccessManage:473 - Download File tutoVideoDB.zip
2026-05-07 17:27:50,148 [INFO] FileExtend:242 - Unzip File : tutoVideoDB.zip
2026-05-07 17:27:50,149 [INFO] FileExtend:257 - Standard Zip Deflate
2026-05-07 17:27:50,441 [INFO] LoadUrlFilesThread:156 - End of LoadUrlFiles Thread
2026-05-07 17:27:50,463 [WARN] DbFile:41 - Overriding database path with different value: C:\Users\JH\.stmcufinder\plugins\mcufinder/ => C:\Users\JH\.stmcufinder\plugins\mcufinder
2026-05-07 17:27:50,674 [INFO] ServerAccessManage:473 - Download File api_config.json
2026-05-07 17:27:50,881 [INFO] LoadUrlFilesThread:156 - End of LoadUrlFiles Thread
2026-05-07 17:27:50,891 [INFO] DbMcusAds:53 - JSON generation date=Mon Apr 27 18:14:29 AEST 2026 (1777277669683)
2026-05-07 17:27:50,898 [INFO] ApiDb:448 - Save user favorites file C:\Users\JH/.stm32cubeide/favorites.mcus.txt: 0 item(s)
2026-05-07 17:27:50,899 [INFO] ApiDb:452 - User favorites MCUs=[]
2026-05-07 17:27:50,902 [INFO] ApiDb:581 - Connected to CubeFinder SQLite database (C:\Users\JH\.stmcufinder\plugins\mcufinder\mcu\cube-finder-db.db)
2026-05-07 17:27:51,013 [INFO] ApiDb:668 - CubeFinder database Data Model version=2.1
2026-05-07 17:27:51,013 [INFO] ApiDb:669 - CubeFinder database Configuration version=3.0.42
2026-05-07 17:27:51,013 [INFO] ApiDb:670 - CubeFinder database generation date=2026-03-11 (1773229989)
2026-05-07 17:27:51,014 [INFO] ApiDb:671 - CubeFinder database FW Pack versions=[FP-ATR-ASTRA1_V2.0.0, FP-SNS-FLIGHT1_V5.1.0, FP-SNS-MOTENV1_V5.1.0, FP-SNS-MOTENVWB1_V1.5.0, FP-SNS-SMARTAG2_V1.2.0, FP-SNS-STBOX1_V2.1.0, STM32Cube_FW_C0_V1.4.0, STM32Cube_FW_F4_V1.28.3, STM32Cube_FW_F7_V1.17.4, STM32Cube_FW_G0_V1.6.3, STM32Cube_FW_G4_V1.6.2, STM32Cube_FW_H5_V1.6.0, STM32Cube_FW_H7RS_V1.3.0, STM32Cube_FW_H7_V1.13.0, STM32Cube_FW_L0_V1.12.2, STM32Cube_FW_L4_V1.18.2, STM32Cube_FW_L5_V1.6.0, STM32Cube_FW_N6_V1.3.0, STM32Cube_FW_U0_V1.3.0, STM32Cube_FW_U3_V1.3.0, STM32Cube_FW_U5_V1.8.0, STM32Cube_FW_WB0_V1.4.0, STM32Cube_FW_WBA_V1.9.0, STM32Cube_FW_WB_V1.24.0, STM32Cube_FW_WL3_V1.4.0, STM32Cube_FW_WL_V1.5.0, X-CUBE-ALGOBUILD_V1.4.0, X-CUBE-ALS_V1.0.2, X-CUBE-AZRTOS-F4_V1.1.0, X-CUBE-AZRTOS-F7_V1.1.0, X-CUBE-AZRTOS-G0_V1.1.0, X-CUBE-AZRTOS-G4_V2.0.0, X-CUBE-AZRTOS-H7RS_V1.1.0, X-CUBE-AZRTOS-H7_V3.4.0, X-CUBE-AZRTOS-L4_V2.0.0, X-CUBE-AZRTOS-L5_V2.0.0, X-CUBE-AZRTOS-WB_V2.0.0, X-CUBE-AZRTOS-WL_V2.0.0, X-CUBE-BLE1_V7.1.0, X-CUBE-BLE2_V3.3.0, X-CUBE-BLEMGR_V4.1.0, X-CUBE-EEPRMA1_V5.2.0, X-CUBE-FREERTOS_V1.5.0, X-CUBE-GNSS1_V6.0.0, X-CUBE-MEMS1_V12.0.0, X-CUBE-NFC4_V3.0.0, X-CUBE-NFC7_V2.0.0, X-CUBE-SFXS2LP1_V4.0.0, X-CUBE-ST67W61_V1.2.0, X-CUBE-SUBG2_V5.0.0, X-CUBE-TOF1_V3.4.3]
2026-05-07 17:27:54,109 [INFO] ApiDb:240 - Found 895 in-development CPN: [B-G473E-ZEST1S, B-WB1M-WPAN1, B-WBA5M-WPAN, B-WL5M-SUBG1, NUCLEO-C031C6, NUCLEO-C051C8, NUCLEO-C071RB, NUCLEO-C092RC, NUCLEO-H503RB, NUCLEO-H533RE, NUCLEO-H563ZI, NUCLEO-H7S3L8, NUCLEO-N657X0-Q, NUCLEO-U031R8, NUCLEO-U083RC, NUCLEO-U385RG-Q, NUCLEO-U545RE-Q, NUCLEO-U5A5ZJ-Q, NUCLEO-WB05KZ, NUCLEO-WB07CC, NUCLEO-WB09KE, NUCLEO-WBA52CG, NUCLEO-WBA55CG, NUCLEO-WBA65RI, NUCLEO-WL33CC1, NUCLEO-WL33CC2, STEVAL-PROTEUS1, STEVAL-SMARTAG2, STEVAL-STWINBX1, STM320518-EVAL, STM32C0116-DK, STM32C011D6Y3TR, STM32C011D6Y6TR, STM32C011F4P3, STM32C011F4P6, STM32C011F4U3, STM32C011F4U6TR, STM32C011F6P3, STM32C011F6P6, STM32C011F6U3, STM32C011F6U6TR, STM32C011J4M3, STM32C011J4M6, STM32C011J6M3, STM32C011J6M6, STM32C0316-DK, STM32C031C4T3, STM32C031C4T6, STM32C031C4U3, STM32C031C4U6, STM32C031C6T3, STM32C031C6T6, STM32C031C6U3, STM32C031C6U6, STM32C031F4P3, STM32C031F4P6, STM32C031F6P3, STM32C031F6P6, STM32C031G4U3, STM32C031G4U6, STM32C031G6U3, STM32C031G6U6, STM32C031K4T3, STM32C031K4T6, STM32C031K4U3, STM32C031K4U6, STM32C031K6T3, STM32C031K6T6, STM32C031K6U3, STM32C031K6U6, STM32C051C6T6, STM32C051C6U6, STM32C051C8T6, STM32C051C8U6, STM32C051D8Y6TR, STM32C051F6P6, STM32C051F8P6, STM32C051G6U6, STM32C051G8U6, STM32C051K6T6, STM32C051K6U6, STM32C051K8T6, STM32C071C8T6, STM32C071C8T6N, STM32C071C8U6, STM32C071C8U6N, STM32C071CBT6, STM32C071CBT6N, STM32C071CBU6, STM32C071CBU6N, STM32C071F8P6, STM32C071F8P6N, STM32C071FBP6, STM32C071FBP6N, STM32C071FBY6TR, STM32C071G8U6, STM32C071G8U6N, STM32C071GBU6, STM32C071GBU6N, STM32C071K8T6, STM32C071K8T6N, STM32C071K8U6, STM32C071K8U6N, STM32C071KBT6, STM32C071KBT6N, STM32C071KBU6, STM32C071KBU6N, STM32C071R8T6, STM32C071R8T6N, STM32C071RBI6N, STM32C071RBT6, STM32C071RBT6N, STM32C091CBT6, STM32C091CBU6, STM32C091CCT6, STM32C091CCU6, STM32C091ECY6TR, STM32C091FBP6, STM32C091FCP6, STM32C091GBU6, STM32C091GCU6, STM32C091KBT6, STM32C091KBU6, STM32C091KCT6, STM32C091KCU6, STM32C091RBT6, STM32C091RCI6, STM32C091RCT6, STM32C092CBT6, STM32C092CBU6, STM32C092CCT6, STM32C092CCU6, STM32C092ECY6TR, STM32C092FBP6, STM32C092FCP6, STM32C092GBU6, STM32C092GCU6, STM32C092KBT6, STM32C092KBU6, STM32C092KCT6, STM32C092KCU6, STM32C092RBT6, STM32C092RCI6, STM32C092RCT6, STM32G071K8TXN, STM32G071K8UXN, STM32G081GBU6N, STM32G081KBT6N, STM32G081KBUXN, STM32G0B1CCT6N, STM32G0B1KCT6, STM32G0B1NEY6TR, STM32G0B1RCT6N, STM32G0C1CCT6, STM32G0C1CCT6N, STM32G0C1CCU6N, STM32G0C1CET6N, STM32G0C1CEU6N, STM32G0C1KCT6, STM32G0C1NEY6TR, STM32G0C1RCI6N, STM32G0C1RCT6N, STM32G0C1REI6N, STM32G0C1RET6N, STM32G0C1VCI6, STM32G0C1VEI6, STM32G411C6T3, STM32G411C6T6, STM32G411C6U3, STM32G411C6U6, STM32G411C8T3, STM32G411C8T6, STM32G411C8U3, STM32G411C8U6, STM32G411CBT3, STM32G411CBT6, STM32G411CBU3, STM32G411CBU6, STM32G411CCT3, STM32G411CCT6, STM32G411CCU3, STM32G411CCU6, STM32G411K6T3, STM32G411K6T6, STM32G411K6U3, STM32G411K6U6, STM32G411K8T3, STM32G411K8T6, STM32G411K8U3, STM32G411K8U6, STM32G411KBT3, STM32G411KBT6, STM32G411KBU3, STM32G411KBU6, STM32G411M6T3, STM32G411M6T6, STM32G411M8T3, STM32G411M8T6, STM32G411MBT3, STM32G411MBT6, STM32G411MCT3, STM32G411MCT6, STM32G411R6T3, STM32G411R6T6, STM32G411R8T3, STM32G411R8T6, STM32G411RBT3, STM32G411RBT6, STM32G411RCT3, STM32G411RCT6, STM32G414CBT3, STM32G414CBT6, STM32G414CBU3, STM32G414CBU6, STM32G414CCT3, STM32G414CCT6, STM32G414CCU3, STM32G414CCU6, STM32G414MBT3, STM32G414MBT6, STM32G414MCT3, STM32G414MCT6, STM32G414RBT3, STM32G414RBT6, STM32G414RCT3, STM32G414RCT6, STM32G414VBT3, STM32G414VBT6, STM32G414VCT3, STM32G414VCT6, STM32G431CBT3Z, STM32G431RBT3Z, STM32G471CCT6, STM32G471CCU6, STM32G471CET3, STM32G471CET6, STM32G471CEU3, STM32G471CEU6, STM32G471MCT6, STM32G471MET3, STM32G471MET6, STM32G471MEY6TR, STM32G471QCT6, STM32G471QET3, STM32G471RCT6, STM32G471RET3, STM32G471RET6, STM32G471VCH6, STM32G471VCI6, STM32G471VCT6, STM32G471VEH3, STM32G471VEH6, STM32G471VEI3, STM32G471VEI6, STM32G471VET3, STM32G471VET6, STM32G473QET3Z, STM32G473RET3Z, STM32G474CCT6, STM32G491RET3Z, STM32H503CBT6, STM32H503CBU6, STM32H503EBY6TR, STM32H503KBU6, STM32H503RBT6, STM32H523CCT6, STM32H523CCU6, STM32H523CET6, STM32H523CEU6, STM32H523HEY6TR, STM32H523RCT6, STM32H523RET6, STM32H523VCI6, STM32H523VCT6, STM32H523VEI6, STM32H523VET6, STM32H523ZCJ6, STM32H523ZCT6, STM32H523ZEJ6, STM32H523ZET6, STM32H533CET6, STM32H533CEU6, STM32H533HEY6TR, STM32H533RET6, STM32H533VEI6, STM32H533VET6, STM32H533ZEJ6, STM32H533ZET6, STM32H562AGI6, STM32H562AII6, STM32H562IGK6, STM32H562IGT6, STM32H562IIK6, STM32H562IIT6, STM32H562RGT6, STM32H562RGV6, STM32H562RIT6, STM32H562RIV6, STM32H562VGT6, STM32H562VIT6, STM32H562ZGT6, STM32H562ZIT6, STM32H563AGI6, STM32H563AII3Q, STM32H563AII6, STM32H563IGK6, STM32H563IGT6, STM32H563IIK3Q, STM32H563IIK6, STM32H563IIT3Q, STM32H563IIT6, STM32H563MIY3QTR, STM32H563RGT6, STM32H563RGV6, STM32H563RIT6, STM32H563RIV6, STM32H563VGT6, STM32H563VIT3Q, STM32H563VIT6, STM32H563ZGT6, STM32H563ZIT3Q, STM32H563ZIT6, STM32H573AII3Q, STM32H573AII6, STM32H573I-DK, STM32H573IIK3Q, STM32H573IIK6, STM32H573IIT3Q, STM32H573IIT6, STM32H573MIY3QTR, STM32H573RIT6, STM32H573RIV6, STM32H573VIT3Q, STM32H573VIT6, STM32H573ZIT3Q, STM32H573ZIT6, STM32H7R3A8I6, STM32H7R3I8K6, STM32H7R3I8T6, STM32H7R3L8H6, STM32H7R3L8H6H, STM32H7R3R8V6, STM32H7R3V8H6, STM32H7R3V8T6, STM32H7R3V8Y6TR, STM32H7R3Z8J6, STM32H7R3Z8T6, STM32H7R7A8I6, STM32H7R7I8K6, STM32H7R7I8T6, STM32H7R7L8H6, STM32H7R7L8H6H, STM32H7R7Z8J6, STM32H7S3A8I6, STM32H7S3I8K6, STM32H7S3I8T6, STM32H7S3L8H6, STM32H7S3L8H6H, STM32H7S3R8V6, STM32H7S3V8H6, STM32H7S3V8T6, STM32H7S3V8Y6TR, STM32H7S3Z8J6, STM32H7S3Z8T6, STM32H7S78-DK, STM32H7S7A8I6, STM32H7S7I8K6, STM32H7S7I8T6, STM32H7S7L8H6, STM32H7S7L8H6H, STM32H7S7Z8J6, STM32L4R5QGI6STR, STM32MP131AAE3, STM32MP131AAF3, STM32MP131AAG3, STM32MP131CAE3, STM32MP131CAF3, STM32MP131CAG3, STM32MP131DAE7, STM32MP131DAF7, STM32MP131DAG7, STM32MP131FAE7, STM32MP131FAF7, STM32MP131FAG7, STM32MP133AAE3, STM32MP133AAF3, STM32MP133AAG3, STM32MP133CAE3, STM32MP133CAF3, STM32MP133CAG3, STM32MP133DAE7, STM32MP133DAF7, STM32MP133DAG7, STM32MP133FAE7, STM32MP133FAF7, STM32MP133FAG7, STM32MP135AAE3, STM32MP135AAF3, STM32MP135AAG3, STM32MP135CAE3, STM32MP135CAF3, STM32MP135CAG3, STM32MP135DAE7, STM32MP135DAF7, STM32MP135DAG7, STM32MP135F-DK, STM32MP135FAE7, STM32MP135FAF7, STM32MP135FAF7T, STM32MP135FAF7U, STM32MP135FAG7, STM32MP231AAJ3, STM32MP231AAK3, STM32MP231AAL3, STM32MP231CAJ3, STM32MP231CAK3, STM32MP231CAL3, STM32MP231DAJ3, STM32MP231DAK3, STM32MP231DAL3, STM32MP231FAJ3, STM32MP231FAK3, STM32MP231FAL3, STM32MP233AAJ3, STM32MP233AAK3, STM32MP233AAL3, STM32MP233CAJ3, STM32MP233CAK3, STM32MP233CAL3, STM32MP233DAJ3, STM32MP233DAK3, STM32MP233DAL3, STM32MP233FAJ3, STM32MP233FAK3, STM32MP233FAL3, STM32MP235AAJ3, STM32MP235AAK3, STM32MP235AAL3, STM32MP235CAJ3, STM32MP235CAK3, STM32MP235CAL3, STM32MP235DAJ3, STM32MP235DAK3, STM32MP235DAL3, STM32MP235FAJ3, STM32MP235FAK3, STM32MP235FAL3, STM32MP251AAI3, STM32MP251AAJ3, STM32MP251AAK3, STM32MP251AAL3, STM32MP251CAI3, STM32MP251CAJ3, STM32MP251CAK3, STM32MP251CAL3, STM32MP251DAI3, STM32MP251DAJ3, STM32MP251DAK3, STM32MP251DAL3, STM32MP251FAI3, STM32MP251FAJ3, STM32MP251FAK3, STM32MP251FAL3, STM32MP253AAI3, STM32MP253AAJ3, STM32MP253AAK3, STM32MP253AAL3, STM32MP253CAI3, STM32MP253CAJ3, STM32MP253CAK3, STM32MP253CAL3, STM32MP253DAI3, STM32MP253DAJ3, STM32MP253DAK3, STM32MP253DAL3, STM32MP253FAI3, STM32MP253FAJ3, STM32MP253FAK3, STM32MP253FAL3, STM32MP255AAI3, STM32MP255AAJ3, STM32MP255AAK3, STM32MP255AAL3, STM32MP255CAI3, STM32MP255CAJ3, STM32MP255CAK3, STM32MP255CAL3, STM32MP255DAI3, STM32MP255DAJ3, STM32MP255DAK3, STM32MP255DAL3, STM32MP255FAI3, STM32MP255FAJ3, STM32MP255FAK3, STM32MP255FAL3, STM32MP257AAI3, STM32MP257AAJ3, STM32MP257AAK3, STM32MP257AAL3, STM32MP257CAI3, STM32MP257CAJ3, STM32MP257CAK3, STM32MP257CAL3, STM32MP257DAI3, STM32MP257DAJ3, STM32MP257DAK3, STM32MP257DAL3, STM32MP257F-DK, STM32MP257F-EV1, STM32MP257FAI3, STM32MP257FAJ3, STM32MP257FAK3, STM32MP257FAL3, STM32N645A0H3Q, STM32N645B0H3Q, STM32N645I0H3Q, STM32N645L0H3Q, STM32N645X0H3Q, STM32N645Z0H3Q, STM32N647A0H3Q, STM32N647B0H3Q, STM32N647I0H3Q, STM32N647L0H3Q, STM32N647X0H3Q, STM32N647Z0H3Q, STM32N655A0H3Q, STM32N655B0H3Q, STM32N655I0H3Q, STM32N655L0H3Q, STM32N655X0H3Q, STM32N655Z0H3Q, STM32N6570-DK, STM32N657A0H3Q, STM32N657B0H3Q, STM32N657I0H3Q, STM32N657L0H3Q, STM32N657X0H3Q, STM32N657Z0H3Q, STM32U031C6T6, STM32U031C6U6, STM32U031C8T6, STM32U031C8U6, STM32U031F4P6, STM32U031F6P6, STM32U031F8P6, STM32U031G6Y6TR, STM32U031G8Y6TR, STM32U031K4U6, STM32U031K6U6, STM32U031K8U6, STM32U031R6I6, STM32U031R6T6, STM32U031R8I6, STM32U031R8T6, STM32U073C8T6, STM32U073C8U6, STM32U073CBT6, STM32U073CBU6, STM32U073CCT6, STM32U073CCU6, STM32U073H8Y6TR, STM32U073HBY6TR, STM32U073HCY6TR, STM32U073K8U6, STM32U073KBU6, STM32U073KCU6, STM32U073M8I6, STM32U073M8T6, STM32U073MBI6, STM32U073MBT6, STM32U073MCI6, STM32U073MCT6, STM32U073R8I6, STM32U073R8T6, STM32U073RBI6, STM32U073RBT6, STM32U073RCI6, STM32U073RCT6, STM32U083C-DK, STM32U083CCT6, STM32U083CCU6, STM32U083HCY6TR, STM32U083KCU6, STM32U083MCI6, STM32U083MCT6, STM32U083RCI6, STM32U083RCT6, STM32U375CET6, STM32U375CET6Q, STM32U375CEU6, STM32U375CEU6Q, STM32U375CEY6QTR, STM32U375CGT6, STM32U375CGT6Q, STM32U375CGU6, STM32U375CGU6Q, STM32U375CGY6QTR, STM32U375KEU6, STM32U375KGU6, STM32U375REI6, STM32U375REI6Q, STM32U375RET6, STM32U375RET6Q, STM32U375REY6GTR, STM32U375REY6QTR, STM32U375RGI6, STM32U375RGI6Q, STM32U375RGT6, STM32U375RGT6Q, STM32U375RGY6GTR, STM32U375RGY6QTR, STM32U375VEI6, STM32U375VEI6Q, STM32U375VET6, STM32U375VET6Q, STM32U375VGI6, STM32U375VGI6Q, STM32U375VGT6, STM32U375VGT6Q, STM32U385CGT6, STM32U385CGT6Q, STM32U385CGU6, STM32U385CGU6Q, STM32U385CGY6QTR, STM32U385KGU6, STM32U385RGI6, STM32U385RGI6Q, STM32U385RGT6, STM32U385RGT6Q, STM32U385RGY6GTR, STM32U385RGY6QTR, STM32U385VGI6, STM32U385VGI6Q, STM32U385VGT6, STM32U385VGT6Q, STM32U535CBT6, STM32U535CBT6Q, STM32U535CBU6, STM32U535CBU6Q, STM32U535CCT6, STM32U535CCT6Q, STM32U535CCU6, STM32U535CCU6Q, STM32U535CET6, STM32U535CET6Q, STM32U535CEU6, STM32U535CEU6Q, STM32U535JEY6QTR, STM32U535NCY6QTR, STM32U535NEY6QTR, STM32U535RBI6, STM32U535RBI6Q, STM32U535RBT6, STM32U535RBT6Q, STM32U535RCI6, STM32U535RCI6Q, STM32U535RCT6, STM32U535RCT6Q, STM32U535REI6, STM32U535REI6Q, STM32U535RET6, STM32U535RET6Q, STM32U535VCI6, STM32U535VCI6Q, STM32U535VCT6, STM32U535VCT6Q, STM32U535VEI6, STM32U535VEI6Q, STM32U535VET6, STM32U535VET6Q, STM32U545CET6, STM32U545CET6Q, STM32U545CEU6, STM32U545CEU6Q, STM32U545JEY6QTR, STM32U545NEY6QTR, STM32U545REI6, STM32U545REI6Q, STM32U545RET6, STM32U545RET6Q, STM32U545VEI6, STM32U545VEI6Q, STM32U545VET6, STM32U545VET6Q, STM32U595AIH6, STM32U595AIH6Q, STM32U595AJH6, STM32U595AJH6Q, STM32U595QII6, STM32U595QII6Q, STM32U595QJI6, STM32U595QJI6Q, STM32U595RIT6, STM32U595RIT6Q, STM32U595RJT6, STM32U595RJT6Q, STM32U595VIT6, STM32U595VIT6Q, STM32U595VJT6, STM32U595VJT6Q, STM32U595ZIT6, STM32U595ZIT6Q, STM32U595ZIY6QTR, STM32U595ZJT6, STM32U595ZJT6Q, STM32U595ZJY6QTR, STM32U599BJY6QTR, STM32U599NIH6Q, STM32U599NJH6Q, STM32U599VIT6Q, STM32U599VJT6, STM32U599VJT6Q, STM32U599ZIT6Q, STM32U599ZIY6QTR, STM32U599ZJT6Q, STM32U599ZJY6QTR, STM32U5A5AJH6, STM32U5A5AJH6Q, STM32U5A5QII3Q , STM32U5A5QJI6, STM32U5A5QJI6Q, STM32U5A5RJT6, STM32U5A5RJT6Q, STM32U5A5VJT6, STM32U5A5VJT6Q, STM32U5A5ZJT6, STM32U5A5ZJT6Q, STM32U5A5ZJY6QTR, STM32U5A9BJY6QTR, STM32U5A9J-DK, STM32U5A9NJH6Q, STM32U5A9VJT6Q, STM32U5A9ZJT6Q, STM32U5A9ZJY6QTR, STM32U5F7VIT6, STM32U5F7VIT6Q, STM32U5F7VJT6, STM32U5F7VJT6Q, STM32U5F9BJY6QTR, STM32U5F9NJH6Q, STM32U5F9VIT6Q, STM32U5F9VJT6Q, STM32U5F9ZIJ6QTR, STM32U5F9ZIT6Q, STM32U5F9ZJJ6QTR, STM32U5F9ZJT6Q, STM32U5G7VJT6, STM32U5G7VJT6Q, STM32U5G9BJY6QTR, STM32U5G9J-DK1, STM32U5G9J-DK2, STM32U5G9NJH6Q, STM32U5G9VJT6Q, STM32U5G9ZJJ6QTR, STM32U5G9ZJT6Q, STM32WB05KZV6TR, STM32WB05KZV7TR, STM32WB05TZF6TR, STM32WB05TZF7TR, STM32WB06CCF6TR, STM32WB06CCF7TR, STM32WB06CCV6TR, STM32WB06CCV7TR, STM32WB06KCV6TR, STM32WB06KCV7TR, STM32WB07CCF6TR, STM32WB07CCF7TR, STM32WB07CCV6TR, STM32WB07CCV7TR, STM32WB07KCV6TR, STM32WB07KCV7TR, STM32WB09KEV6TR, STM32WB09KEV7TR, STM32WB09TEF6TR, STM32WB09TEF7TR, STM32WB1MMCH6, STM32WBA50KGU6, STM32WBA50KGU6TR, STM32WBA52CEU6, STM32WBA52CEU6TR, STM32WBA52CEU7, STM32WBA52CEU7TR, STM32WBA52CGU6, STM32WBA52CGU6TR, STM32WBA52CGU6U, STM32WBA52CGU7, STM32WBA52CGU7TR, STM32WBA52KEU6, STM32WBA52KEU6TR, STM32WBA52KGU6, STM32WBA52KGU6TR, STM32WBA54CEU6, STM32WBA54CEU6TR, STM32WBA54CEU7, STM32WBA54CEU7TR, STM32WBA54CGU6, STM32WBA54CGU6TR, STM32WBA54CGU7, STM32WBA54CGU7TR, STM32WBA54KEU6, STM32WBA54KEU6TR, STM32WBA54KEU7, STM32WBA54KEU7TR, STM32WBA54KGU6, STM32WBA54KGU6TR, STM32WBA54KGU7, STM32WBA54KGU7TR, STM32WBA55CEU6, STM32WBA55CEU6TR, STM32WBA55CEU7, STM32WBA55CEU7TR, STM32WBA55CGU6, STM32WBA55CGU6TR, STM32WBA55CGU6U, STM32WBA55CGU7, STM32WBA55CGU7TR, STM32WBA55G-DK1, STM32WBA55HEF6, STM32WBA55HEF7, STM32WBA55HGF6, STM32WBA55HGF7, STM32WBA55UEI6, STM32WBA55UEI6TR, STM32WBA55UEI7, STM32WBA55UEI7TR, STM32WBA55UGI6, STM32WBA55UGI6TR, STM32WBA55UGI7, STM32WBA55UGI7TR, STM32WBA5MJGH6TR, STM32WBA62CGU6, STM32WBA62CIU6, STM32WBA62MGF6, STM32WBA62MIF6, STM32WBA62PGI6, STM32WBA62PII6, STM32WBA63CGU6, STM32WBA63CGU7, STM32WBA63CIU6, STM32WBA63CIU7, STM32WBA64CGU6, STM32WBA64CGU7, STM32WBA64CIU6, STM32WBA64CIU7, STM32WBA65CGU6, STM32WBA65CGU7, STM32WBA65CIU6, STM32WBA65CIU7, STM32WBA65I-DK1, STM32WBA65MGF6, STM32WBA65MGF7, STM32WBA65MIF6, STM32WBA65MIF7, STM32WBA65PGI6, STM32WBA65PGI7, STM32WBA65PII6, STM32WBA65PII7, STM32WBA65RGV6, STM32WBA65RGV7, STM32WBA65RIV6, STM32WBA65RIV7, STM32WL30K8V6, STM32WL30KBV6, STM32WL31C8V6, STM32WL31CBV6, STM32WL31K8V6, STM32WL31KBV6, STM32WL33C8V6, STM32WL33C8V6TR, STM32WL33C8V7, STM32WL33C8V7TR, STM32WL33CBV6, STM32WL33CBV6TR, STM32WL33CBV7, STM32WL33CBV7TR, STM32WL33CCV6, STM32WL33CCV6TR, STM32WL33CCV7, STM32WL33CCV7A, STM32WL33CCV7ATR, STM32WL33CCV7TR, STM32WL33K8V6, STM32WL33K8V6TR, STM32WL33K8V7, STM32WL33K8V7TR, STM32WL33KBV6, STM32WL33KBV6TR, STM32WL33KBV7, STM32WL33KBV7TR, STM32WL33KCV6, STM32WL33KCV6TR, STM32WL33KCV7, STM32WL33KCV7TR, STM32WL5MOCH6, STM32WL5MOCH6TR]
2026-05-07 17:27:54,117 [INFO] DbMcus:218 - Found 5051 MCUs, 4964 are supported
2026-05-07 17:27:54,118 [INFO] ApiDb:423 - Load user favorites file C:\Users\JH/.stm32cubeide/favorites.mcus.txt: 0 item(s)
2026-05-07 17:27:54,118 [INFO] ApiDb:427 - User favorites MCUs=[]
2026-05-07 17:27:54,118 [INFO] DbMcus:224 - Set 0 / 0 favorites MCUs
2026-05-07 17:27:54,817 [INFO] ApiDb:448 - Save user favorites file C:\Users\JH/.stm32cubeide/favorites.boards.txt: 1 item(s)
2026-05-07 17:27:54,817 [INFO] ApiDb:452 - User favorites Boards=[NUCLEO-L432KC]
2026-05-07 17:27:54,820 [INFO] ApiDb:581 - Connected to CubeFinder SQLite database (C:\Users\JH\.stmcufinder\plugins\mcufinder\mcu\cube-finder-db.db)
2026-05-07 17:27:54,980 [INFO] ApiDb:668 - CubeFinder database Data Model version=2.1
2026-05-07 17:27:54,980 [INFO] ApiDb:669 - CubeFinder database Configuration version=3.0.42
2026-05-07 17:27:54,980 [INFO] ApiDb:670 - CubeFinder database generation date=2026-03-11 (1773229989)
2026-05-07 17:27:54,980 [INFO] ApiDb:671 - CubeFinder database FW Pack versions=[FP-ATR-ASTRA1_V2.0.0, FP-SNS-FLIGHT1_V5.1.0, FP-SNS-MOTENV1_V5.1.0, FP-SNS-MOTENVWB1_V1.5.0, FP-SNS-SMARTAG2_V1.2.0, FP-SNS-STBOX1_V2.1.0, STM32Cube_FW_C0_V1.4.0, STM32Cube_FW_F4_V1.28.3, STM32Cube_FW_F7_V1.17.4, STM32Cube_FW_G0_V1.6.3, STM32Cube_FW_G4_V1.6.2, STM32Cube_FW_H5_V1.6.0, STM32Cube_FW_H7RS_V1.3.0, STM32Cube_FW_H7_V1.13.0, STM32Cube_FW_L0_V1.12.2, STM32Cube_FW_L4_V1.18.2, STM32Cube_FW_L5_V1.6.0, STM32Cube_FW_N6_V1.3.0, STM32Cube_FW_U0_V1.3.0, STM32Cube_FW_U3_V1.3.0, STM32Cube_FW_U5_V1.8.0, STM32Cube_FW_WB0_V1.4.0, STM32Cube_FW_WBA_V1.9.0, STM32Cube_FW_WB_V1.24.0, STM32Cube_FW_WL3_V1.4.0, STM32Cube_FW_WL_V1.5.0, X-CUBE-ALGOBUILD_V1.4.0, X-CUBE-ALS_V1.0.2, X-CUBE-AZRTOS-F4_V1.1.0, X-CUBE-AZRTOS-F7_V1.1.0, X-CUBE-AZRTOS-G0_V1.1.0, X-CUBE-AZRTOS-G4_V2.0.0, X-CUBE-AZRTOS-H7RS_V1.1.0, X-CUBE-AZRTOS-H7_V3.4.0, X-CUBE-AZRTOS-L4_V2.0.0, X-CUBE-AZRTOS-L5_V2.0.0, X-CUBE-AZRTOS-WB_V2.0.0, X-CUBE-AZRTOS-WL_V2.0.0, X-CUBE-BLE1_V7.1.0, X-CUBE-BLE2_V3.3.0, X-CUBE-BLEMGR_V4.1.0, X-CUBE-EEPRMA1_V5.2.0, X-CUBE-FREERTOS_V1.5.0, X-CUBE-GNSS1_V6.0.0, X-CUBE-MEMS1_V12.0.0, X-CUBE-NFC4_V3.0.0, X-CUBE-NFC7_V2.0.0, X-CUBE-SFXS2LP1_V4.0.0, X-CUBE-ST67W61_V1.2.0, X-CUBE-SUBG2_V5.0.0, X-CUBE-TOF1_V3.4.3]
2026-05-07 17:27:55,044 [INFO] DbBoardsSqlite:226 - include board P-NUCLEO-WB55-NUCLEO as a kit item of type 'Nucleo-64'
2026-05-07 17:27:55,044 [INFO] DbBoardsSqlite:226 - include board P-NUCLEO-WB55-USBDONGLE as a kit item of type 'Nucleo USB Dongle'
2026-05-07 17:27:55,045 [INFO] DbBoardsSqlite:226 - include board STEVAL-IDP005V1 as a kit item of type 'Evaluation Board'
2026-05-07 17:27:55,045 [INFO] DbBoardsSqlite:226 - include board STEVAL-IDP005V2 as a kit item of type 'Evaluation Board'
2026-05-07 17:27:55,134 [INFO] ApiDb:240 - Found 895 in-development CPN: [B-G473E-ZEST1S, B-WB1M-WPAN1, B-WBA5M-WPAN, B-WL5M-SUBG1, NUCLEO-C031C6, NUCLEO-C051C8, NUCLEO-C071RB, NUCLEO-C092RC, NUCLEO-H503RB, NUCLEO-H533RE, NUCLEO-H563ZI, NUCLEO-H7S3L8, NUCLEO-N657X0-Q, NUCLEO-U031R8, NUCLEO-U083RC, NUCLEO-U385RG-Q, NUCLEO-U545RE-Q, NUCLEO-U5A5ZJ-Q, NUCLEO-WB05KZ, NUCLEO-WB07CC, NUCLEO-WB09KE, NUCLEO-WBA52CG, NUCLEO-WBA55CG, NUCLEO-WBA65RI, NUCLEO-WL33CC1, NUCLEO-WL33CC2, STEVAL-PROTEUS1, STEVAL-SMARTAG2, STEVAL-STWINBX1, STM320518-EVAL, STM32C0116-DK, STM32C011D6Y3TR, STM32C011D6Y6TR, STM32C011F4P3, STM32C011F4P6, STM32C011F4U3, STM32C011F4U6TR, STM32C011F6P3, STM32C011F6P6, STM32C011F6U3, STM32C011F6U6TR, STM32C011J4M3, STM32C011J4M6, STM32C011J6M3, STM32C011J6M6, STM32C0316-DK, STM32C031C4T3, STM32C031C4T6, STM32C031C4U3, STM32C031C4U6, STM32C031C6T3, STM32C031C6T6, STM32C031C6U3, STM32C031C6U6, STM32C031F4P3, STM32C031F4P6, STM32C031F6P3, STM32C031F6P6, STM32C031G4U3, STM32C031G4U6, STM32C031G6U3, STM32C031G6U6, STM32C031K4T3, STM32C031K4T6, STM32C031K4U3, STM32C031K4U6, STM32C031K6T3, STM32C031K6T6, STM32C031K6U3, STM32C031K6U6, STM32C051C6T6, STM32C051C6U6, STM32C051C8T6, STM32C051C8U6, STM32C051D8Y6TR, STM32C051F6P6, STM32C051F8P6, STM32C051G6U6, STM32C051G8U6, STM32C051K6T6, STM32C051K6U6, STM32C051K8T6, STM32C071C8T6, STM32C071C8T6N, STM32C071C8U6, STM32C071C8U6N, STM32C071CBT6, STM32C071CBT6N, STM32C071CBU6, STM32C071CBU6N, STM32C071F8P6, STM32C071F8P6N, STM32C071FBP6, STM32C071FBP6N, STM32C071FBY6TR, STM32C071G8U6, STM32C071G8U6N, STM32C071GBU6, STM32C071GBU6N, STM32C071K8T6, STM32C071K8T6N, STM32C071K8U6, STM32C071K8U6N, STM32C071KBT6, STM32C071KBT6N, STM32C071KBU6, STM32C071KBU6N, STM32C071R8T6, STM32C071R8T6N, STM32C071RBI6N, STM32C071RBT6, STM32C071RBT6N, STM32C091CBT6, STM32C091CBU6, STM32C091CCT6, STM32C091CCU6, STM32C091ECY6TR, STM32C091FBP6, STM32C091FCP6, STM32C091GBU6, STM32C091GCU6, STM32C091KBT6, STM32C091KBU6, STM32C091KCT6, STM32C091KCU6, STM32C091RBT6, STM32C091RCI6, STM32C091RCT6, STM32C092CBT6, STM32C092CBU6, STM32C092CCT6, STM32C092CCU6, STM32C092ECY6TR, STM32C092FBP6, STM32C092FCP6, STM32C092GBU6, STM32C092GCU6, STM32C092KBT6, STM32C092KBU6, STM32C092KCT6, STM32C092KCU6, STM32C092RBT6, STM32C092RCI6, STM32C092RCT6, STM32G071K8TXN, STM32G071K8UXN, STM32G081GBU6N, STM32G081KBT6N, STM32G081KBUXN, STM32G0B1CCT6N, STM32G0B1KCT6, STM32G0B1NEY6TR, STM32G0B1RCT6N, STM32G0C1CCT6, STM32G0C1CCT6N, STM32G0C1CCU6N, STM32G0C1CET6N, STM32G0C1CEU6N, STM32G0C1KCT6, STM32G0C1NEY6TR, STM32G0C1RCI6N, STM32G0C1RCT6N, STM32G0C1REI6N, STM32G0C1RET6N, STM32G0C1VCI6, STM32G0C1VEI6, STM32G411C6T3, STM32G411C6T6, STM32G411C6U3, STM32G411C6U6, STM32G411C8T3, STM32G411C8T6, STM32G411C8U3, STM32G411C8U6, STM32G411CBT3, STM32G411CBT6, STM32G411CBU3, STM32G411CBU6, STM32G411CCT3, STM32G411CCT6, STM32G411CCU3, STM32G411CCU6, STM32G411K6T3, STM32G411K6T6, STM32G411K6U3, STM32G411K6U6, STM32G411K8T3, STM32G411K8T6, STM32G411K8U3, STM32G411K8U6, STM32G411KBT3, STM32G411KBT6, STM32G411KBU3, STM32G411KBU6, STM32G411M6T3, STM32G411M6T6, STM32G411M8T3, STM32G411M8T6, STM32G411MBT3, STM32G411MBT6, STM32G411MCT3, STM32G411MCT6, STM32G411R6T3, STM32G411R6T6, STM32G411R8T3, STM32G411R8T6, STM32G411RBT3, STM32G411RBT6, STM32G411RCT3, STM32G411RCT6, STM32G414CBT3, STM32G414CBT6, STM32G414CBU3, STM32G414CBU6, STM32G414CCT3, STM32G414CCT6, STM32G414CCU3, STM32G414CCU6, STM32G414MBT3, STM32G414MBT6, STM32G414MCT3, STM32G414MCT6, STM32G414RBT3, STM32G414RBT6, STM32G414RCT3, STM32G414RCT6, STM32G414VBT3, STM32G414VBT6, STM32G414VCT3, STM32G414VCT6, STM32G431CBT3Z, STM32G431RBT3Z, STM32G471CCT6, STM32G471CCU6, STM32G471CET3, STM32G471CET6, STM32G471CEU3, STM32G471CEU6, STM32G471MCT6, STM32G471MET3, STM32G471MET6, STM32G471MEY6TR, STM32G471QCT6, STM32G471QET3, STM32G471RCT6, STM32G471RET3, STM32G471RET6, STM32G471VCH6, STM32G471VCI6, STM32G471VCT6, STM32G471VEH3, STM32G471VEH6, STM32G471VEI3, STM32G471VEI6, STM32G471VET3, STM32G471VET6, STM32G473QET3Z, STM32G473RET3Z, STM32G474CCT6, STM32G491RET3Z, STM32H503CBT6, STM32H503CBU6, STM32H503EBY6TR, STM32H503KBU6, STM32H503RBT6, STM32H523CCT6, STM32H523CCU6, STM32H523CET6, STM32H523CEU6, STM32H523HEY6TR, STM32H523RCT6, STM32H523RET6, STM32H523VCI6, STM32H523VCT6, STM32H523VEI6, STM32H523VET6, STM32H523ZCJ6, STM32H523ZCT6, STM32H523ZEJ6, STM32H523ZET6, STM32H533CET6, STM32H533CEU6, STM32H533HEY6TR, STM32H533RET6, STM32H533VEI6, STM32H533VET6, STM32H533ZEJ6, STM32H533ZET6, STM32H562AGI6, STM32H562AII6, STM32H562IGK6, STM32H562IGT6, STM32H562IIK6, STM32H562IIT6, STM32H562RGT6, STM32H562RGV6, STM32H562RIT6, STM32H562RIV6, STM32H562VGT6, STM32H562VIT6, STM32H562ZGT6, STM32H562ZIT6, STM32H563AGI6, STM32H563AII3Q, STM32H563AII6, STM32H563IGK6, STM32H563IGT6, STM32H563IIK3Q, STM32H563IIK6, STM32H563IIT3Q, STM32H563IIT6, STM32H563MIY3QTR, STM32H563RGT6, STM32H563RGV6, STM32H563RIT6, STM32H563RIV6, STM32H563VGT6, STM32H563VIT3Q, STM32H563VIT6, STM32H563ZGT6, STM32H563ZIT3Q, STM32H563ZIT6, STM32H573AII3Q, STM32H573AII6, STM32H573I-DK, STM32H573IIK3Q, STM32H573IIK6, STM32H573IIT3Q, STM32H573IIT6, STM32H573MIY3QTR, STM32H573RIT6, STM32H573RIV6, STM32H573VIT3Q, STM32H573VIT6, STM32H573ZIT3Q, STM32H573ZIT6, STM32H7R3A8I6, STM32H7R3I8K6, STM32H7R3I8T6, STM32H7R3L8H6, STM32H7R3L8H6H, STM32H7R3R8V6, STM32H7R3V8H6, STM32H7R3V8T6, STM32H7R3V8Y6TR, STM32H7R3Z8J6, STM32H7R3Z8T6, STM32H7R7A8I6, STM32H7R7I8K6, STM32H7R7I8T6, STM32H7R7L8H6, STM32H7R7L8H6H, STM32H7R7Z8J6, STM32H7S3A8I6, STM32H7S3I8K6, STM32H7S3I8T6, STM32H7S3L8H6, STM32H7S3L8H6H, STM32H7S3R8V6, STM32H7S3V8H6, STM32H7S3V8T6, STM32H7S3V8Y6TR, STM32H7S3Z8J6, STM32H7S3Z8T6, STM32H7S78-DK, STM32H7S7A8I6, STM32H7S7I8K6, STM32H7S7I8T6, STM32H7S7L8H6, STM32H7S7L8H6H, STM32H7S7Z8J6, STM32L4R5QGI6STR, STM32MP131AAE3, STM32MP131AAF3, STM32MP131AAG3, STM32MP131CAE3, STM32MP131CAF3, STM32MP131CAG3, STM32MP131DAE7, STM32MP131DAF7, STM32MP131DAG7, STM32MP131FAE7, STM32MP131FAF7, STM32MP131FAG7, STM32MP133AAE3, STM32MP133AAF3, STM32MP133AAG3, STM32MP133CAE3, STM32MP133CAF3, STM32MP133CAG3, STM32MP133DAE7, STM32MP133DAF7, STM32MP133DAG7, STM32MP133FAE7, STM32MP133FAF7, STM32MP133FAG7, STM32MP135AAE3, STM32MP135AAF3, STM32MP135AAG3, STM32MP135CAE3, STM32MP135CAF3, STM32MP135CAG3, STM32MP135DAE7, STM32MP135DAF7, STM32MP135DAG7, STM32MP135F-DK, STM32MP135FAE7, STM32MP135FAF7, STM32MP135FAF7T, STM32MP135FAF7U, STM32MP135FAG7, STM32MP231AAJ3, STM32MP231AAK3, STM32MP231AAL3, STM32MP231CAJ3, STM32MP231CAK3, STM32MP231CAL3, STM32MP231DAJ3, STM32MP231DAK3, STM32MP231DAL3, STM32MP231FAJ3, STM32MP231FAK3, STM32MP231FAL3, STM32MP233AAJ3, STM32MP233AAK3, STM32MP233AAL3, STM32MP233CAJ3, STM32MP233CAK3, STM32MP233CAL3, STM32MP233DAJ3, STM32MP233DAK3, STM32MP233DAL3, STM32MP233FAJ3, STM32MP233FAK3, STM32MP233FAL3, STM32MP235AAJ3, STM32MP235AAK3, STM32MP235AAL3, STM32MP235CAJ3, STM32MP235CAK3, STM32MP235CAL3, STM32MP235DAJ3, STM32MP235DAK3, STM32MP235DAL3, STM32MP235FAJ3, STM32MP235FAK3, STM32MP235FAL3, STM32MP251AAI3, STM32MP251AAJ3, STM32MP251AAK3, STM32MP251AAL3, STM32MP251CAI3, STM32MP251CAJ3, STM32MP251CAK3, STM32MP251CAL3, STM32MP251DAI3, STM32MP251DAJ3, STM32MP251DAK3, STM32MP251DAL3, STM32MP251FAI3, STM32MP251FAJ3, STM32MP251FAK3, STM32MP251FAL3, STM32MP253AAI3, STM32MP253AAJ3, STM32MP253AAK3, STM32MP253AAL3, STM32MP253CAI3, STM32MP253CAJ3, STM32MP253CAK3, STM32MP253CAL3, STM32MP253DAI3, STM32MP253DAJ3, STM32MP253DAK3, STM32MP253DAL3, STM32MP253FAI3, STM32MP253FAJ3, STM32MP253FAK3, STM32MP253FAL3, STM32MP255AAI3, STM32MP255AAJ3, STM32MP255AAK3, STM32MP255AAL3, STM32MP255CAI3, STM32MP255CAJ3, STM32MP255CAK3, STM32MP255CAL3, STM32MP255DAI3, STM32MP255DAJ3, STM32MP255DAK3, STM32MP255DAL3, STM32MP255FAI3, STM32MP255FAJ3, STM32MP255FAK3, STM32MP255FAL3, STM32MP257AAI3, STM32MP257AAJ3, STM32MP257AAK3, STM32MP257AAL3, STM32MP257CAI3, STM32MP257CAJ3, STM32MP257CAK3, STM32MP257CAL3, STM32MP257DAI3, STM32MP257DAJ3, STM32MP257DAK3, STM32MP257DAL3, STM32MP257F-DK, STM32MP257F-EV1, STM32MP257FAI3, STM32MP257FAJ3, STM32MP257FAK3, STM32MP257FAL3, STM32N645A0H3Q, STM32N645B0H3Q, STM32N645I0H3Q, STM32N645L0H3Q, STM32N645X0H3Q, STM32N645Z0H3Q, STM32N647A0H3Q, STM32N647B0H3Q, STM32N647I0H3Q, STM32N647L0H3Q, STM32N647X0H3Q, STM32N647Z0H3Q, STM32N655A0H3Q, STM32N655B0H3Q, STM32N655I0H3Q, STM32N655L0H3Q, STM32N655X0H3Q, STM32N655Z0H3Q, STM32N6570-DK, STM32N657A0H3Q, STM32N657B0H3Q, STM32N657I0H3Q, STM32N657L0H3Q, STM32N657X0H3Q, STM32N657Z0H3Q, STM32U031C6T6, STM32U031C6U6, STM32U031C8T6, STM32U031C8U6, STM32U031F4P6, STM32U031F6P6, STM32U031F8P6, STM32U031G6Y6TR, STM32U031G8Y6TR, STM32U031K4U6, STM32U031K6U6, STM32U031K8U6, STM32U031R6I6, STM32U031R6T6, STM32U031R8I6, STM32U031R8T6, STM32U073C8T6, STM32U073C8U6, STM32U073CBT6, STM32U073CBU6, STM32U073CCT6, STM32U073CCU6, STM32U073H8Y6TR, STM32U073HBY6TR, STM32U073HCY6TR, STM32U073K8U6, STM32U073KBU6, STM32U073KCU6, STM32U073M8I6, STM32U073M8T6, STM32U073MBI6, STM32U073MBT6, STM32U073MCI6, STM32U073MCT6, STM32U073R8I6, STM32U073R8T6, STM32U073RBI6, STM32U073RBT6, STM32U073RCI6, STM32U073RCT6, STM32U083C-DK, STM32U083CCT6, STM32U083CCU6, STM32U083HCY6TR, STM32U083KCU6, STM32U083MCI6, STM32U083MCT6, STM32U083RCI6, STM32U083RCT6, STM32U375CET6, STM32U375CET6Q, STM32U375CEU6, STM32U375CEU6Q, STM32U375CEY6QTR, STM32U375CGT6, STM32U375CGT6Q, STM32U375CGU6, STM32U375CGU6Q, STM32U375CGY6QTR, STM32U375KEU6, STM32U375KGU6, STM32U375REI6, STM32U375REI6Q, STM32U375RET6, STM32U375RET6Q, STM32U375REY6GTR, STM32U375REY6QTR, STM32U375RGI6, STM32U375RGI6Q, STM32U375RGT6, STM32U375RGT6Q, STM32U375RGY6GTR, STM32U375RGY6QTR, STM32U375VEI6, STM32U375VEI6Q, STM32U375VET6, STM32U375VET6Q, STM32U375VGI6, STM32U375VGI6Q, STM32U375VGT6, STM32U375VGT6Q, STM32U385CGT6, STM32U385CGT6Q, STM32U385CGU6, STM32U385CGU6Q, STM32U385CGY6QTR, STM32U385KGU6, STM32U385RGI6, STM32U385RGI6Q, STM32U385RGT6, STM32U385RGT6Q, STM32U385RGY6GTR, STM32U385RGY6QTR, STM32U385VGI6, STM32U385VGI6Q, STM32U385VGT6, STM32U385VGT6Q, STM32U535CBT6, STM32U535CBT6Q, STM32U535CBU6, STM32U535CBU6Q, STM32U535CCT6, STM32U535CCT6Q, STM32U535CCU6, STM32U535CCU6Q, STM32U535CET6, STM32U535CET6Q, STM32U535CEU6, STM32U535CEU6Q, STM32U535JEY6QTR, STM32U535NCY6QTR, STM32U535NEY6QTR, STM32U535RBI6, STM32U535RBI6Q, STM32U535RBT6, STM32U535RBT6Q, STM32U535RCI6, STM32U535RCI6Q, STM32U535RCT6, STM32U535RCT6Q, STM32U535REI6, STM32U535REI6Q, STM32U535RET6, STM32U535RET6Q, STM32U535VCI6, STM32U535VCI6Q, STM32U535VCT6, STM32U535VCT6Q, STM32U535VEI6, STM32U535VEI6Q, STM32U535VET6, STM32U535VET6Q, STM32U545CET6, STM32U545CET6Q, STM32U545CEU6, STM32U545CEU6Q, STM32U545JEY6QTR, STM32U545NEY6QTR, STM32U545REI6, STM32U545REI6Q, STM32U545RET6, STM32U545RET6Q, STM32U545VEI6, STM32U545VEI6Q, STM32U545VET6, STM32U545VET6Q, STM32U595AIH6, STM32U595AIH6Q, STM32U595AJH6, STM32U595AJH6Q, STM32U595QII6, STM32U595QII6Q, STM32U595QJI6, STM32U595QJI6Q, STM32U595RIT6, STM32U595RIT6Q, STM32U595RJT6, STM32U595RJT6Q, STM32U595VIT6, STM32U595VIT6Q, STM32U595VJT6, STM32U595VJT6Q, STM32U595ZIT6, STM32U595ZIT6Q, STM32U595ZIY6QTR, STM32U595ZJT6, STM32U595ZJT6Q, STM32U595ZJY6QTR, STM32U599BJY6QTR, STM32U599NIH6Q, STM32U599NJH6Q, STM32U599VIT6Q, STM32U599VJT6, STM32U599VJT6Q, STM32U599ZIT6Q, STM32U599ZIY6QTR, STM32U599ZJT6Q, STM32U599ZJY6QTR, STM32U5A5AJH6, STM32U5A5AJH6Q, STM32U5A5QII3Q , STM32U5A5QJI6, STM32U5A5QJI6Q, STM32U5A5RJT6, STM32U5A5RJT6Q, STM32U5A5VJT6, STM32U5A5VJT6Q, STM32U5A5ZJT6, STM32U5A5ZJT6Q, STM32U5A5ZJY6QTR, STM32U5A9BJY6QTR, STM32U5A9J-DK, STM32U5A9NJH6Q, STM32U5A9VJT6Q, STM32U5A9ZJT6Q, STM32U5A9ZJY6QTR, STM32U5F7VIT6, STM32U5F7VIT6Q, STM32U5F7VJT6, STM32U5F7VJT6Q, STM32U5F9BJY6QTR, STM32U5F9NJH6Q, STM32U5F9VIT6Q, STM32U5F9VJT6Q, STM32U5F9ZIJ6QTR, STM32U5F9ZIT6Q, STM32U5F9ZJJ6QTR, STM32U5F9ZJT6Q, STM32U5G7VJT6, STM32U5G7VJT6Q, STM32U5G9BJY6QTR, STM32U5G9J-DK1, STM32U5G9J-DK2, STM32U5G9NJH6Q, STM32U5G9VJT6Q, STM32U5G9ZJJ6QTR, STM32U5G9ZJT6Q, STM32WB05KZV6TR, STM32WB05KZV7TR, STM32WB05TZF6TR, STM32WB05TZF7TR, STM32WB06CCF6TR, STM32WB06CCF7TR, STM32WB06CCV6TR, STM32WB06CCV7TR, STM32WB06KCV6TR, STM32WB06KCV7TR, STM32WB07CCF6TR, STM32WB07CCF7TR, STM32WB07CCV6TR, STM32WB07CCV7TR, STM32WB07KCV6TR, STM32WB07KCV7TR, STM32WB09KEV6TR, STM32WB09KEV7TR, STM32WB09TEF6TR, STM32WB09TEF7TR, STM32WB1MMCH6, STM32WBA50KGU6, STM32WBA50KGU6TR, STM32WBA52CEU6, STM32WBA52CEU6TR, STM32WBA52CEU7, STM32WBA52CEU7TR, STM32WBA52CGU6, STM32WBA52CGU6TR, STM32WBA52CGU6U, STM32WBA52CGU7, STM32WBA52CGU7TR, STM32WBA52KEU6, STM32WBA52KEU6TR, STM32WBA52KGU6, STM32WBA52KGU6TR, STM32WBA54CEU6, STM32WBA54CEU6TR, STM32WBA54CEU7, STM32WBA54CEU7TR, STM32WBA54CGU6, STM32WBA54CGU6TR, STM32WBA54CGU7, STM32WBA54CGU7TR, STM32WBA54KEU6, STM32WBA54KEU6TR, STM32WBA54KEU7, STM32WBA54KEU7TR, STM32WBA54KGU6, STM32WBA54KGU6TR, STM32WBA54KGU7, STM32WBA54KGU7TR, STM32WBA55CEU6, STM32WBA55CEU6TR, STM32WBA55CEU7, STM32WBA55CEU7TR, STM32WBA55CGU6, STM32WBA55CGU6TR, STM32WBA55CGU6U, STM32WBA55CGU7, STM32WBA55CGU7TR, STM32WBA55G-DK1, STM32WBA55HEF6, STM32WBA55HEF7, STM32WBA55HGF6, STM32WBA55HGF7, STM32WBA55UEI6, STM32WBA55UEI6TR, STM32WBA55UEI7, STM32WBA55UEI7TR, STM32WBA55UGI6, STM32WBA55UGI6TR, STM32WBA55UGI7, STM32WBA55UGI7TR, STM32WBA5MJGH6TR, STM32WBA62CGU6, STM32WBA62CIU6, STM32WBA62MGF6, STM32WBA62MIF6, STM32WBA62PGI6, STM32WBA62PII6, STM32WBA63CGU6, STM32WBA63CGU7, STM32WBA63CIU6, STM32WBA63CIU7, STM32WBA64CGU6, STM32WBA64CGU7, STM32WBA64CIU6, STM32WBA64CIU7, STM32WBA65CGU6, STM32WBA65CGU7, STM32WBA65CIU6, STM32WBA65CIU7, STM32WBA65I-DK1, STM32WBA65MGF6, STM32WBA65MGF7, STM32WBA65MIF6, STM32WBA65MIF7, STM32WBA65PGI6, STM32WBA65PGI7, STM32WBA65PII6, STM32WBA65PII7, STM32WBA65RGV6, STM32WBA65RGV7, STM32WBA65RIV6, STM32WBA65RIV7, STM32WL30K8V6, STM32WL30KBV6, STM32WL31C8V6, STM32WL31CBV6, STM32WL31K8V6, STM32WL31KBV6, STM32WL33C8V6, STM32WL33C8V6TR, STM32WL33C8V7, STM32WL33C8V7TR, STM32WL33CBV6, STM32WL33CBV6TR, STM32WL33CBV7, STM32WL33CBV7TR, STM32WL33CCV6, STM32WL33CCV6TR, STM32WL33CCV7, STM32WL33CCV7A, STM32WL33CCV7ATR, STM32WL33CCV7TR, STM32WL33K8V6, STM32WL33K8V6TR, STM32WL33K8V7, STM32WL33K8V7TR, STM32WL33KBV6, STM32WL33KBV6TR, STM32WL33KBV7, STM32WL33KBV7TR, STM32WL33KCV6, STM32WL33KCV6TR, STM32WL33KCV7, STM32WL33KCV7TR, STM32WL5MOCH6, STM32WL5MOCH6TR]
2026-05-07 17:27:55,231 [INFO] BoardInfo:889 - No configuration file found for board NUCLEO-H5E5ZJ
2026-05-07 17:27:55,232 [INFO] DbBoards:161 - Board is not supported: NUCLEO-H5E5ZJ
2026-05-07 17:27:55,276 [INFO] BoardInfo:889 - No configuration file found for board NUCLEO-U3C5ZI-Q
2026-05-07 17:27:55,277 [INFO] DbBoards:161 - Board is not supported: NUCLEO-U3C5ZI-Q
2026-05-07 17:27:55,288 [INFO] BoardInfo:889 - No configuration file found for board NUCLEO-WBA25CE1
2026-05-07 17:27:55,288 [INFO] DbBoards:161 - Board is not supported: NUCLEO-WBA25CE1
2026-05-07 17:27:55,296 [INFO] BoardInfo:889 - No configuration file found for board NUCLEO-WL3RKB1
2026-05-07 17:27:55,296 [INFO] DbBoards:161 - Board is not supported: NUCLEO-WL3RKB1
2026-05-07 17:27:55,297 [INFO] BoardInfo:889 - No configuration file found for board NUCLEO-WL3RKB2
2026-05-07 17:27:55,298 [INFO] DbBoards:161 - Board is not supported: NUCLEO-WL3RKB2
2026-05-07 17:27:55,304 [INFO] BoardInfo:889 - No configuration file found for board P-NUCLEO-WB55
2026-05-07 17:27:55,304 [INFO] DbBoards:161 - Kit is not supported: P-NUCLEO-WB55
2026-05-07 17:27:55,307 [INFO] BoardInfo:889 - No configuration file found for board STEVAL-BFA001V1B
2026-05-07 17:27:55,308 [INFO] DbBoards:161 - Kit is not supported: STEVAL-BFA001V1B
2026-05-07 17:27:55,309 [INFO] BoardInfo:889 - No configuration file found for board STEVAL-BFA001V2B
2026-05-07 17:27:55,309 [INFO] DbBoards:161 - Kit is not supported: STEVAL-BFA001V2B
2026-05-07 17:27:55,395 [INFO] BoardInfo:889 - No configuration file found for board STM32H5F5J-DK
2026-05-07 17:27:55,396 [INFO] DbBoards:161 - Board is not supported: STM32H5F5J-DK
2026-05-07 17:27:55,457 [INFO] BoardInfo:889 - No configuration file found for board STM32MP215F-DK
2026-05-07 17:27:55,457 [INFO] DbBoards:161 - Board is not supported: STM32MP215F-DK
2026-05-07 17:27:55,471 [INFO] DbBoards:168 - Found 218 boards, 208 are supported
2026-05-07 17:27:55,472 [INFO] DbBoards:169 - Found 218 boards, 43 of them is supported for  Bsp
2026-05-07 17:27:55,478 [INFO] ApiDb:423 - Load user favorites file C:\Users\JH/.stm32cubeide/favorites.boards.txt: 1 item(s)
2026-05-07 17:27:55,478 [INFO] ApiDb:427 - User favorites Boards=[NUCLEO-L432KC]
2026-05-07 17:27:55,479 [INFO] DbBoards:198 - Set 1 / 1 favorites Boards
2026-05-07 17:27:55,515 [INFO] LoadUrlFilesThread:185 - End of LoadServerUrlFiles without Thread
2026-05-07 17:27:55,517 [INFO] TargetSelectorAdapter:259 - Refresh data is successful
2026-05-07 17:27:55,522 [INFO] ApiDb:668 - CubeFinder database Data Model version=2.1
2026-05-07 17:27:55,522 [INFO] ApiDb:669 - CubeFinder database Configuration version=3.0.42
2026-05-07 17:27:55,523 [INFO] ApiDb:670 - CubeFinder database generation date=2026-03-11 (1773229989)
2026-05-07 17:27:55,523 [INFO] ApiDb:671 - CubeFinder database FW Pack versions=[FP-ATR-ASTRA1_V2.0.0, FP-SNS-FLIGHT1_V5.1.0, FP-SNS-MOTENV1_V5.1.0, FP-SNS-MOTENVWB1_V1.5.0, FP-SNS-SMARTAG2_V1.2.0, FP-SNS-STBOX1_V2.1.0, STM32Cube_FW_C0_V1.4.0, STM32Cube_FW_F4_V1.28.3, STM32Cube_FW_F7_V1.17.4, STM32Cube_FW_G0_V1.6.3, STM32Cube_FW_G4_V1.6.2, STM32Cube_FW_H5_V1.6.0, STM32Cube_FW_H7RS_V1.3.0, STM32Cube_FW_H7_V1.13.0, STM32Cube_FW_L0_V1.12.2, STM32Cube_FW_L4_V1.18.2, STM32Cube_FW_L5_V1.6.0, STM32Cube_FW_N6_V1.3.0, STM32Cube_FW_U0_V1.3.0, STM32Cube_FW_U3_V1.3.0, STM32Cube_FW_U5_V1.8.0, STM32Cube_FW_WB0_V1.4.0, STM32Cube_FW_WBA_V1.9.0, STM32Cube_FW_WB_V1.24.0, STM32Cube_FW_WL3_V1.4.0, STM32Cube_FW_WL_V1.5.0, X-CUBE-ALGOBUILD_V1.4.0, X-CUBE-ALS_V1.0.2, X-CUBE-AZRTOS-F4_V1.1.0, X-CUBE-AZRTOS-F7_V1.1.0, X-CUBE-AZRTOS-G0_V1.1.0, X-CUBE-AZRTOS-G4_V2.0.0, X-CUBE-AZRTOS-H7RS_V1.1.0, X-CUBE-AZRTOS-H7_V3.4.0, X-CUBE-AZRTOS-L4_V2.0.0, X-CUBE-AZRTOS-L5_V2.0.0, X-CUBE-AZRTOS-WB_V2.0.0, X-CUBE-AZRTOS-WL_V2.0.0, X-CUBE-BLE1_V7.1.0, X-CUBE-BLE2_V3.3.0, X-CUBE-BLEMGR_V4.1.0, X-CUBE-EEPRMA1_V5.2.0, X-CUBE-FREERTOS_V1.5.0, X-CUBE-GNSS1_V6.0.0, X-CUBE-MEMS1_V12.0.0, X-CUBE-NFC4_V3.0.0, X-CUBE-NFC7_V2.0.0, X-CUBE-SFXS2LP1_V4.0.0, X-CUBE-ST67W61_V1.2.0, X-CUBE-SUBG2_V5.0.0, X-CUBE-TOF1_V3.4.3]
2026-05-07 17:27:56,658 [ERROR] DbExamplesSqlite:437 - Missing JSON key: board_cpn
2026-05-07 17:27:56,659 [ERROR] DbExamplesSqlite:437 - Missing JSON key: board_cpn
2026-05-07 17:27:56,660 [ERROR] DbExamplesSqlite:437 - Missing JSON key: board_cpn
2026-05-07 17:27:56,660 [ERROR] DbExamplesSqlite:437 - Missing JSON key: board_cpn
2026-05-07 17:27:57,200 [ERROR] DbExamplesSqlite:437 - Missing JSON key: board_cpn
2026-05-07 17:27:57,200 [ERROR] DbExamplesSqlite:437 - Missing JSON key: board_cpn
2026-05-07 17:27:57,268 [INFO] DbExamplesSqlite:395 - Ignored 39 examples not supported by CubeIDE
2026-05-07 17:27:57,268 [INFO] DbExamplesSqlite:396 - Found 11210 examples active
2026-05-07 17:27:57,269 [INFO] DbExamplesSqlite:397 - Found 0 examples obsolete
2026-05-07 17:27:57,269 [INFO] DbExamplesSqlite:398 - Found 0 examples under development
2026-05-07 17:27:57,269 [INFO] DbExamplesSqlite:399 - Found 76 examples not building
2026-05-07 17:27:57,275 [INFO] DbExamples:125 - Found 11247 examples
2026-05-07 17:27:57,376 [ERROR] DbExamples:208 - Found 377 examples with invalid data (board or MCU)
2026-05-07 17:27:57,377 [INFO] DbExamples:222 - Found 140 boards with related examples
2026-05-07 17:27:57,379 [INFO] DbExamples:235 - Found 114 MCUs with related examples
2026-05-07 17:27:57,424 [INFO] ApiDb:414 - User favorites file not found: C:\Users\JH/.stm32cubeide/favorites.examples.txt
2026-05-07 17:27:57,424 [INFO] DbExamples:250 - Set 0 / 0 favorites Examples
2026-05-07 17:27:57,747 [INFO] McuFinderGlobals:76 - Set McuFinderConnectedMode to true
2026-05-07 17:27:57,767 [INFO] MultiScanPanel:200 - Auto-refresh data requested => check proxy status ongoing
2026-05-07 17:27:57,772 [INFO] FinderPluginLoader:95 - Searching for filters in installed packs
2026-05-07 17:28:00,446 [INFO] LoadUrlFilesThread:185 - End of LoadServerUrlFiles without Thread
2026-05-07 17:28:00,484 [INFO] DetailPanel:341 - Set advertising image to C:/Users/JH/STM32Cube/Repository/\en.prom-stm32wba2-stm32-nucleo-board-0426.png
2026-05-07 17:28:07,720 [INFO] MultiScanPanel:200 - Auto-refresh data requested => check proxy status ongoing
2026-05-07 17:28:07,925 [INFO] LoadUrlFilesThread:185 - End of LoadServerUrlFiles without Thread
2026-05-07 17:28:07,925 [INFO] DetailPanel:341 - Set advertising image to C:/Users/JH/STM32Cube/Repository/\en.prom-stm32wba2-stm32-nucleo-board-0426.png
2026-05-07 17:28:07,946 [INFO] DbBoards:642 - Loading board mini-images...
2026-05-07 17:28:11,738 [INFO] DbBoards:665 - Loaded 218 board mini-images
2026-05-07 17:28:21,101 [INFO] McuFinderGlobals:76 - Set McuFinderConnectedMode to true
2026-05-07 17:28:21,405 [INFO] ApiDb:448 - Save user favorites file C:\Users\JH/.stm32cubeide/favorites.mcus.txt: 0 item(s)
2026-05-07 17:28:21,405 [INFO] ApiDb:452 - User favorites MCUs=[]
2026-05-07 17:28:21,409 [INFO] ApiDb:448 - Save user favorites file C:\Users\JH/.stm32cubeide/favorites.boards.txt: 1 item(s)
2026-05-07 17:28:21,409 [INFO] ApiDb:452 - User favorites Boards=[NUCLEO-L432KC]
2026-05-07 17:30:33,585 [INFO] MainUpdater:2872 - connection check result : 10
2026-05-07 17:30:33,586 [INFO] MainUpdater:2872 - connection check result : 10
2026-05-07 17:30:34,137 [INFO] MicroXplorer:468 - Change Database Path : 
2026-05-07 17:30:34,137 [INFO] MicroXplorer:498 - Change Database Version : DB.6.0.140
2026-05-07 17:30:34,237 [ERROR] ProjectManagerView:394 - 
java.lang.NullPointerException: Cannot invoke "javax.swing.JTextField.getText()" because the return value of "java.util.List.get(int)" is null
	at com.st.microxplorer.plugins.projectmanager.gui.ProjectChoiceTab$9.caretUpdate(ProjectChoiceTab.java:2678) ~[filemanager.jar:?]
	at javax.swing.text.JTextComponent.fireCaretUpdate(JTextComponent.java:408) ~[?:?]
	at javax.swing.text.JTextComponent$MutableCaretEvent.fire(JTextComponent.java:4484) ~[?:?]
	at javax.swing.text.JTextComponent$MutableCaretEvent.stateChanged(JTextComponent.java:4506) ~[?:?]
	at javax.swing.text.DefaultCaret.fireStateChanged(DefaultCaret.java:857) ~[?:?]
	at javax.swing.text.DefaultCaret.changeCaretPosition(DefaultCaret.java:1343) ~[?:?]
	at javax.swing.text.DefaultCaret.handleSetDot(DefaultCaret.java:1242) ~[?:?]
	at javax.swing.text.DefaultCaret.setDot(DefaultCaret.java:1223) ~[?:?]
	at javax.swing.text.DefaultCaret$Handler.insertUpdate(DefaultCaret.java:1819) ~[?:?]
	at javax.swing.text.AbstractDocument.fireInsertUpdate(AbstractDocument.java:227) ~[?:?]
	at javax.swing.text.AbstractDocument.handleInsertString(AbstractDocument.java:781) ~[?:?]
	at javax.swing.text.AbstractDocument.insertString(AbstractDocument.java:740) ~[?:?]
	at javax.swing.text.PlainDocument.insertString(PlainDocument.java:131) ~[?:?]
	at javax.swing.text.AbstractDocument.replace(AbstractDocument.java:699) ~[?:?]
	at javax.swing.text.JTextComponent.setText(JTextComponent.java:1725) ~[?:?]
	at com.st.microxplorer.plugins.projectmanager.gui.ProjectChoiceTab.createHeapStackFields(ProjectChoiceTab.java:979) ~[filemanager.jar:?]
	at com.st.microxplorer.plugins.projectmanager.gui.ProjectChoiceTab.buildLinkSettingsPanel(ProjectChoiceTab.java:3766) ~[filemanager.jar:?]
	at com.st.microxplorer.plugins.projectmanager.gui.ProjectChoiceTab.defineWindowsFields(ProjectChoiceTab.java:1962) ~[filemanager.jar:?]
	at com.st.microxplorer.plugins.projectmanager.gui.ProjectChoiceTab.updateSettings(ProjectChoiceTab.java:555) ~[filemanager.jar:?]
	at com.st.microxplorer.plugins.projectmanager.gui.ProjectSettingsPanel.UpdateDialog(ProjectSettingsPanel.java:245) ~[filemanager.jar:?]
	at com.st.microxplorer.plugins.projectmanager.ProjectManagerView.propertyChange(ProjectManagerView.java:391) ~[filemanager.jar:?]
	at java.beans.PropertyChangeSupport.fire(PropertyChangeSupport.java:343) ~[?:?]
	at java.beans.PropertyChangeSupport.firePropertyChange(PropertyChangeSupport.java:335) ~[?:?]
	at java.beans.PropertyChangeSupport.firePropertyChange(PropertyChangeSupport.java:268) ~[?:?]
	at com.st.microxplorer.util.MXPropertyChangeSupport.firePropertyChange(MXPropertyChangeSupport.java:54) ~[STM32CubeMX.jar:?]
	at com.st.microxplorer.mxsystem.MxSystem.closeConfig(MxSystem.java:899) ~[STM32CubeMX.jar:?]
	at com.st.microxplorer.maingui.MainPanel.closeConfig(MainPanel.java:789) ~[STM32CubeMX.jar:?]
	at com.st.microxplorer.plugins.filemanager.engine.OpenFileManager.loadConfigurationFile(OpenFileManager.java:287) ~[filemanager.jar:?]
	at com.st.microxplorer.plugins.filemanager.engine.MainFileManager.userLoadConfig(MainFileManager.java:341) ~[filemanager.jar:?]
	at com.st.microxplorer.plugins.filemanager.engine.MainFileManager.userLoadConfig(MainFileManager.java:319) ~[filemanager.jar:?]
	at com.st.microxplorer.plugins.filemanager.FileManagerView.getSpecificTask(FileManagerView.java:246) ~[filemanager.jar:?]
	at com.st.stm32cube.common.mx.editor.CubeMxEditor.getMxTabbedPaneInstance(CubeMxEditor.java:1198) ~[com.st.stm32cube.common.mx_6.14.0.202502271554/:?]
	at com.st.stm32cube.common.mx.editor.CubeMxEditor$12$1.createSwingComponent(CubeMxEditor.java:1068) ~[com.st.stm32cube.common.mx_6.14.0.202502271554/:?]
	at com.st.stm32cube.common.mx.oss.core.awtswtbridge.EmbeddedSwingComposite.doComponentCreation(EmbeddedSwingComposite.java:492) ~[com.st.stm32cube.common.mx.oss_6.14.0.202502271554/:?]
	at com.st.stm32cube.common.mx.oss.core.awtswtbridge.EmbeddedSwingComposite$4.run(EmbeddedSwingComposite.java:291) ~[com.st.stm32cube.common.mx.oss_6.14.0.202502271554/:?]
	at com.st.stm32cube.common.mx.oss.core.awtswtbridge.AwtEnvironment$2.run(AwtEnvironment.java:166) ~[com.st.stm32cube.common.mx.oss_6.14.0.202502271554/:?]
	at java.awt.event.InvocationEvent.dispatch(InvocationEvent.java:318) ~[?:?]
	at java.awt.EventQueue.dispatchEventImpl(EventQueue.java:773) ~[?:?]
	at java.awt.EventQueue$4.run(EventQueue.java:720) ~[?:?]
	at java.awt.EventQueue$4.run(EventQueue.java:714) ~[?:?]
	at java.security.AccessController.doPrivileged(AccessController.java:400) ~[?:?]
	at java.security.ProtectionDomain$JavaSecurityAccessImpl.doIntersectionPrivilege(ProtectionDomain.java:87) ~[?:?]
	at java.awt.EventQueue.dispatchEvent(EventQueue.java:742) ~[?:?]
	at java.awt.EventDispatchThread.pumpOneEventForFilters(EventDispatchThread.java:203) ~[?:?]
	at java.awt.EventDispatchThread.pumpEventsForFilter(EventDispatchThread.java:124) ~[?:?]
	at java.awt.EventDispatchThread.pumpEventsForHierarchy(EventDispatchThread.java:113) ~[?:?]
	at java.awt.EventDispatchThread.pumpEvents(EventDispatchThread.java:109) ~[?:?]
	at java.awt.EventDispatchThread.pumpEvents(EventDispatchThread.java:101) ~[?:?]
	at java.awt.EventDispatchThread.run(EventDispatchThread.java:90) ~[?:?]
2026-05-07 17:30:34,279 [WARN] ThirdParty:871 - waiting for thirdparty lock release [close project]
2026-05-07 17:30:34,279 [INFO] ThirdParty:873 - entering critical section [close project]
2026-05-07 17:30:34,279 [INFO] ThirdParty:883 - exiting critical section [close project]
2026-05-07 17:30:34,284 [INFO] PinOutPanel:1589 - setPackage(No Configuration,No Configuration)
2026-05-07 17:30:34,314 [INFO] UtilMem:75 - Begin LoadConfig() Used Memory: 715360992 Bytes (1073741824)
2026-05-07 17:30:34,316 [INFO] MicroXplorer:468 - Change Database Path : 
2026-05-07 17:30:34,316 [INFO] MicroXplorer:498 - Change Database Version : DB.6.0.140
2026-05-07 17:30:34,316 [INFO] OpenFileManager:354 - Change cursor
2026-05-07 17:30:34,362 [INFO] Mcu:2011 - Initializing MCU STM32L432K(B-C)Ux STM32L432KCUx STM32L432KCU3
2026-05-07 17:30:36,483 [INFO] Context:756 - Trying to add GPIOservice into a context  which must be forbidden
2026-05-07 17:30:37,563 [INFO] ImportTextPane:218 - (OptionalMessage_ERROR) Pin10 (VP_RIF_VS_RIF1) cannot be retrieved for this MCU
2026-05-07 17:30:37,797 [INFO] RtosManager:558 - Registered RTOS mode: class=CMSIS, group=RTOS, mode=CMSIS_V1, owner=FREERTOS
2026-05-07 17:30:37,798 [INFO] RtosManager:558 - Registered RTOS mode: class=CMSIS, group=RTOS2, mode=CMSIS_V2, owner=FREERTOS
2026-05-07 17:30:37,798 [INFO] RtosManager:558 - Registered RTOS mode: class=RTOS, group=Core, mode=CMSIS_V1, owner=FREERTOS
2026-05-07 17:30:37,798 [INFO] RtosManager:558 - Registered RTOS mode: class=RTOS, group=Core, mode=CMSIS_V2, owner=FREERTOS
2026-05-07 17:30:37,798 [WARN] ModelIntegratedComponent:184 - Missing modes for component STMicroelectronics:FreeRTOS:0.0.1:STMicroelectronics:RTOS:FreeRTOS:Core:::10.2.0:
2026-05-07 17:30:37,812 [WARN] ModelIntegratedComponent:63 - No mode defined for component null
2026-05-07 17:30:37,812 [WARN] ModelIntegratedComponent:63 - No mode defined for component null
2026-05-07 17:30:37,812 [WARN] ModelIntegratedComponent:63 - No mode defined for component null
2026-05-07 17:30:37,813 [WARN] ModelIntegratedComponent:63 - No mode defined for component null
2026-05-07 17:30:37,813 [WARN] ModelIntegratedComponent:63 - No mode defined for component null
2026-05-07 17:30:37,813 [WARN] ModelIntegratedComponent:63 - No mode defined for component null
2026-05-07 17:30:37,813 [WARN] ModelIntegratedComponent:63 - No mode defined for component null
2026-05-07 17:30:37,813 [WARN] ModelIntegratedComponent:63 - No mode defined for component null
2026-05-07 17:30:37,813 [WARN] ModelIntegratedComponent:63 - No mode defined for component null
2026-05-07 17:30:37,813 [WARN] ModelIntegratedComponent:63 - No mode defined for component null
2026-05-07 17:30:37,813 [WARN] ModelIntegratedComponent:63 - No mode defined for component null
2026-05-07 17:30:37,813 [WARN] ModelIntegratedComponent:63 - No mode defined for component null
2026-05-07 17:30:37,813 [WARN] ModelIntegratedComponent:63 - No mode defined for component null
2026-05-07 17:30:37,813 [WARN] ModelIntegratedComponent:63 - No mode defined for component null
2026-05-07 17:30:37,813 [WARN] ModelIntegratedComponent:63 - No mode defined for component null
2026-05-07 17:30:37,813 [WARN] ModelIntegratedComponent:63 - No mode defined for component null
2026-05-07 17:30:37,813 [WARN] ModelIntegratedComponent:63 - No mode defined for component null
2026-05-07 17:30:37,813 [WARN] ModelIntegratedComponent:63 - No mode defined for component null
2026-05-07 17:30:37,813 [WARN] ModelIntegratedComponent:63 - No mode defined for component null
2026-05-07 17:30:37,813 [WARN] ModelIntegratedComponent:63 - No mode defined for component null
2026-05-07 17:30:37,813 [WARN] ModelIntegratedComponent:63 - No mode defined for component null
2026-05-07 17:30:37,813 [WARN] ModelIntegratedComponent:63 - No mode defined for component null
2026-05-07 17:30:37,813 [WARN] ModelIntegratedComponent:63 - No mode defined for component null
2026-05-07 17:30:37,813 [WARN] ModelIntegratedComponent:63 - No mode defined for component null
2026-05-07 17:30:37,813 [WARN] ModelIntegratedComponent:63 - No mode defined for component null
2026-05-07 17:30:37,813 [WARN] ModelIntegratedComponent:63 - No mode defined for component null
2026-05-07 17:30:37,814 [WARN] ModelIntegratedComponent:63 - No mode defined for component null
2026-05-07 17:30:37,814 [WARN] ModelIntegratedComponent:63 - No mode defined for component null
2026-05-07 17:30:37,814 [WARN] ModelIntegratedComponent:63 - No mode defined for component null
2026-05-07 17:30:37,814 [WARN] ModelIntegratedComponent:63 - No mode defined for component null
2026-05-07 17:30:37,814 [WARN] ModelIntegratedComponent:63 - No mode defined for component null
2026-05-07 17:30:37,814 [WARN] ModelIntegratedComponent:63 - No mode defined for component null
2026-05-07 17:30:37,814 [WARN] ModelIntegratedComponent:63 - No mode defined for component null
2026-05-07 17:30:37,814 [WARN] ModelIntegratedComponent:63 - No mode defined for component null
2026-05-07 17:30:37,814 [WARN] ModelIntegratedComponent:63 - No mode defined for component null
2026-05-07 17:30:37,814 [WARN] ModelPack:524 - Component already loaded: STMicroelectronics:HAL Drivers:0.0.0:STMicroelectronics:Device:STMicro_Driver:XSPI:HAL::0.0.1:HAL_XSPI
2026-05-07 17:30:37,928 [INFO] ThirdPartyModel:298 - Start build external matchings
2026-05-07 17:30:38,414 [INFO] ThirdPartyModel:316 - End build external matchings
2026-05-07 17:30:38,431 [INFO] ImportTextPane:218 - (OptionalMessage_ERROR) IP (ADC1) : Parameter (CommonPathInternal) has invalid value (null|null|null|null)
2026-05-07 17:30:38,854 [INFO] UtilMem:75 - End LoadConfig() Used Memory: 839045392 Bytes (1073741824)
2026-05-07 17:30:38,864 [INFO] ApiDb:581 - Connected to CubeFinder SQLite database (C:\Users\JH\.stmcufinder\plugins\mcufinder\mcu\cube-finder-db.db)
2026-05-07 17:30:39,094 [WARN] ThirdParty:833 - waiting for thirdparty lock release [change project]
2026-05-07 17:30:39,095 [INFO] ThirdParty:835 - entering critical section [change project]
2026-05-07 17:30:39,095 [INFO] ThirdParty:1030 - CMSIS Pack Vendor :STMicroelectronics X-CUBE-AZRTOS-H7 3.5.0
2026-05-07 17:30:39,095 [INFO] ThirdParty:1030 - CMSIS Pack Vendor :STMicroelectronics X-CUBE-PM33A1 1.0.0
2026-05-07 17:30:39,095 [INFO] ThirdParty:1030 - CMSIS Pack Vendor :STMicroelectronics USBPD 4.1
2026-05-07 17:30:39,095 [INFO] ThirdParty:1030 - CMSIS Pack Vendor :STMicroelectronics X-CUBE-NFC9 1.0.0
2026-05-07 17:30:39,095 [INFO] ThirdParty:1030 - CMSIS Pack Vendor :STMicroelectronics USB_HOST 2.0.0
2026-05-07 17:30:39,095 [INFO] ThirdParty:1030 - CMSIS Pack Vendor :STMicroelectronics X-CUBE-AZRTOS-F4 1.1.0
2026-05-07 17:30:39,095 [INFO] ThirdParty:1030 - CMSIS Pack Vendor :STMicroelectronics LIBJPEG 8.0.0
2026-05-07 17:30:39,095 [INFO] ThirdParty:1030 - CMSIS Pack Vendor :STMicroelectronics FP-ATR-ASTRA1 2.0.2
2026-05-07 17:30:39,095 [INFO] ThirdParty:1030 - CMSIS Pack Vendor :STMicroelectronics X-CUBE-BLE1 7.1.0
2026-05-07 17:30:39,095 [INFO] ThirdParty:1030 - CMSIS Pack Vendor :STMicroelectronics X-CUBE-SMBUS 2.1.0
2026-05-07 17:30:39,095 [INFO] ThirdParty:1030 - CMSIS Pack Vendor :wolfSSL I-CUBE-wolfMQTT 1.19.2
2026-05-07 17:30:39,095 [INFO] ThirdParty:1030 - CMSIS Pack Vendor :STMicroelectronics USB_DEVICE 3.0.0
2026-05-07 17:30:39,095 [INFO] ThirdParty:1030 - CMSIS Pack Vendor :STMicroelectronics X-CUBE-ISPU 2.1.0
2026-05-07 17:30:39,095 [INFO] ThirdParty:1030 - CMSIS Pack Vendor :STMicroelectronics X-CUBE-EEPRMA1 5.2.0
2026-05-07 17:30:39,095 [INFO] ThirdParty:1030 - CMSIS Pack Vendor :STMicroelectronics X-CUBE-BLEMGR 4.1.0
2026-05-07 17:30:39,095 [INFO] ThirdParty:1030 - CMSIS Pack Vendor :STMicroelectronics eDS-WB_DPC_TT-BIDIR 2.1.1
2026-05-07 17:30:39,095 [INFO] ThirdParty:1030 - CMSIS Pack Vendor :STMicroelectronics X-CUBE-AZRTOS-WB 2.0.0
2026-05-07 17:30:39,095 [INFO] ThirdParty:1030 - CMSIS Pack Vendor :wolfSSL I-CUBE-wolfSSL 5.8.4
2026-05-07 17:30:39,095 [INFO] ThirdParty:1030 - CMSIS Pack Vendor :Cesanta I-CUBE-Mongoose 7.20.0
2026-05-07 17:30:39,095 [INFO] ThirdParty:1030 - CMSIS Pack Vendor :STMicroelectronics X-CUBE-NFC12 1.0.0
2026-05-07 17:30:39,095 [INFO] ThirdParty:1030 - CMSIS Pack Vendor :STMicroelectronics X-CUBE-AZRTOS-F7 1.1.0
2026-05-07 17:30:39,095 [INFO] ThirdParty:1030 - CMSIS Pack Vendor :STMicroelectronics X-CUBE-AZRTOS-L5 2.0.0
2026-05-07 17:30:39,095 [INFO] ThirdParty:1030 - CMSIS Pack Vendor :STMicroelectronics USB_DEVICE 2.0.0
2026-05-07 17:30:39,095 [INFO] ThirdParty:1030 - CMSIS Pack Vendor :quantropi X-CUBE-qispace-sdk-base 2.1.0
2026-05-07 17:30:39,097 [INFO] ThirdParty:1030 - CMSIS Pack Vendor :STMicroelectronics X-CUBE-MEMS1 12.0.0
2026-05-07 17:30:39,097 [INFO] ThirdParty:1030 - CMSIS Pack Vendor :STMicroelectronics X-CUBE-STSE01 2.0.0
2026-05-07 17:30:39,097 [INFO] ThirdParty:1030 - CMSIS Pack Vendor :STMicroelectronics FreeRTOS 0.0.1
2026-05-07 17:30:39,097 [INFO] ThirdParty:1030 - CMSIS Pack Vendor :STMicroelectronics X-CUBE-AZRTOS-G0 1.1.0
2026-05-07 17:30:39,097 [INFO] ThirdParty:1030 - CMSIS Pack Vendor :STMicroelectronics X-CUBE-NFC4 3.0.0
2026-05-07 17:30:39,097 [INFO] ThirdParty:1030 - CMSIS Pack Vendor :STMicroelectronics X-CUBE-SUBG2 5.0.0
2026-05-07 17:30:39,097 [INFO] ThirdParty:1030 - CMSIS Pack Vendor :STMicroelectronics STM32_WPAN 1.0.0
2026-05-07 17:30:39,097 [INFO] ThirdParty:1030 - CMSIS Pack Vendor :STMicroelectronics eDS-WB_DPC_VIENNA 1.2.0
2026-05-07 17:30:39,097 [INFO] ThirdParty:1030 - CMSIS Pack Vendor :EmbeddedOffice I-CUBE-FS-RTOS 1.0.1
2026-05-07 17:30:39,097 [INFO] ThirdParty:1030 - CMSIS Pack Vendor :STMicroelectronics lwIP 2.0.3
2026-05-07 17:30:39,097 [INFO] ThirdParty:1030 - CMSIS Pack Vendor :STMicroelectronics eDS-WB_DPC_3PH2L-BIDIR 1.1.1
2026-05-07 17:30:39,097 [INFO] ThirdParty:1030 - CMSIS Pack Vendor :STMicroelectronics USB_HOST 1.0.0
2026-05-07 17:30:39,097 [INFO] ThirdParty:1030 - CMSIS Pack Vendor :STMicroelectronics X-CUBE-AZRTOS-G4 2.0.0
2026-05-07 17:30:39,097 [INFO] ThirdParty:1030 - CMSIS Pack Vendor :STMicroelectronics X-CUBE-WB05N 2.0.0
2026-05-07 17:30:39,097 [INFO] ThirdParty:1030 - CMSIS Pack Vendor :STMicroelectronics PDM2PCM 3.1.0
2026-05-07 17:30:39,097 [INFO] ThirdParty:1030 - CMSIS Pack Vendor :STMicroelectronics PDM2PCM 3.3.0
2026-05-07 17:30:39,097 [INFO] ThirdParty:1030 - CMSIS Pack Vendor :wolfSSL I-CUBE-wolfTPM 3.8.0
2026-05-07 17:30:39,097 [INFO] ThirdParty:1030 - CMSIS Pack Vendor :STMicroelectronics X-CUBE-DISPLAY 3.0.0
2026-05-07 17:30:39,097 [INFO] ThirdParty:1030 - CMSIS Pack Vendor :wolfSSL I-CUBE-wolfSSH 1.4.20
2026-05-07 17:30:39,097 [INFO] ThirdParty:1030 - CMSIS Pack Vendor :STMicroelectronics X-CUBE-NFC7 2.0.0
2026-05-07 17:30:39,097 [INFO] ThirdParty:1030 - CMSIS Pack Vendor :STMicroelectronics X-CUBE-GNSS1 7.1.1
2026-05-07 17:30:39,097 [INFO] ThirdParty:1030 - CMSIS Pack Vendor :STMicroelectronics X-CUBE-TCPP 4.2.0
2026-05-07 17:30:39,097 [INFO] ThirdParty:1030 - CMSIS Pack Vendor :RealThread X-CUBE-RT-Thread_Nano 4.1.1
2026-05-07 17:30:39,097 [INFO] ThirdParty:1030 - CMSIS Pack Vendor :STMicroelectronics FP-ATR-SIGFOX1 3.2.0
2026-05-07 17:30:39,097 [INFO] ThirdParty:1030 - CMSIS Pack Vendor :STMicroelectronics X-CUBE-NFC10 1.0.0
2026-05-07 17:30:39,097 [INFO] ThirdParty:1030 - CMSIS Pack Vendor :STMicroelectronics HAL Drivers 0.0.0
2026-05-07 17:30:39,097 [INFO] ThirdParty:1030 - CMSIS Pack Vendor :STMicroelectronics MBEDTLS 2.16.2
2026-05-07 17:30:39,097 [INFO] ThirdParty:1030 - CMSIS Pack Vendor :STMicroelectronics X-CUBE-ST60 1.1.0
2026-05-07 17:30:39,097 [INFO] ThirdParty:1030 - CMSIS Pack Vendor :STMicroelectronics X-CUBE-ALS 1.0.2
2026-05-07 17:30:39,097 [INFO] ThirdParty:1030 - CMSIS Pack Vendor :emotas I-CUBE-CANOPEN 1.3.0
2026-05-07 17:30:39,097 [INFO] ThirdParty:1030 - CMSIS Pack Vendor :STMicroelectronics MBEDTLS 2.14.1
2026-05-07 17:30:39,097 [INFO] ThirdParty:1030 - CMSIS Pack Vendor :STMicroelectronics X-CUBE-GNSS1 7.1.0
2026-05-07 17:30:39,098 [INFO] ThirdParty:1030 - CMSIS Pack Vendor :ITTIA_DB I-CUBE-ITTIADB 8.9.0
2026-05-07 17:30:39,098 [INFO] ThirdParty:1030 - CMSIS Pack Vendor :STMicroelectronics X-CUBE-TOUCHGFX 4.26.1
2026-05-07 17:30:39,098 [INFO] ThirdParty:1030 - CMSIS Pack Vendor :STMicroelectronics X-CUBE-NFC6 3.2.0
2026-05-07 17:30:39,098 [INFO] ThirdParty:1030 - CMSIS Pack Vendor :STMicroelectronics X-CUBE-AI 10.2.0
2026-05-07 17:30:39,098 [INFO] ThirdParty:1030 - CMSIS Pack Vendor :STMicroelectronics FP-SNS-STAIOTCFT 1.0.0
2026-05-07 17:30:39,098 [INFO] ThirdParty:1030 - CMSIS Pack Vendor :STMicroelectronics ThreadX 1.0.0
2026-05-07 17:30:39,098 [INFO] ThirdParty:1030 - CMSIS Pack Vendor :STMicroelectronics FP-SNS-SMARTAG2 1.2.0
2026-05-07 17:30:39,098 [INFO] ThirdParty:1030 - CMSIS Pack Vendor :STMicroelectronics X-CUBE-MEMS1 12.1.0
2026-05-07 17:30:39,098 [INFO] ThirdParty:1030 - CMSIS Pack Vendor :STMicroelectronics FP-SNS-FLIGHT1 5.1.0
2026-05-07 17:30:39,098 [INFO] ThirdParty:1030 - CMSIS Pack Vendor :STMicroelectronics X-CUBE-AZRTOS-WL 2.0.0
2026-05-07 17:30:39,098 [INFO] ThirdParty:1030 - CMSIS Pack Vendor :SEGGER I-CUBE-embOS 1.3.1
2026-05-07 17:30:39,098 [INFO] ThirdParty:1030 - CMSIS Pack Vendor :STMicroelectronics X-CUBE-ALGOBUILD 1.4.0
2026-05-07 17:30:39,098 [INFO] ThirdParty:1030 - CMSIS Pack Vendor :STMicroelectronics X-CUBE-DPower 1.3.0
2026-05-07 17:30:39,098 [INFO] ThirdParty:1030 - CMSIS Pack Vendor :STMicroelectronics USB_DEVICE 1.0.0
2026-05-07 17:30:39,098 [INFO] ThirdParty:1030 - CMSIS Pack Vendor :STMicroelectronics X-CUBE-AZRTOS-H7RS 1.2.0
2026-05-07 17:30:39,098 [INFO] ThirdParty:1030 - CMSIS Pack Vendor :STMicroelectronics X-CUBE-AZRTOS-L4 2.0.0
2026-05-07 17:30:39,098 [INFO] ThirdParty:1030 - CMSIS Pack Vendor :STMicroelectronics ThreadX 0.0.2
2026-05-07 17:30:39,098 [INFO] ThirdParty:1030 - CMSIS Pack Vendor :STMicroelectronics lwIP 2.1.2
2026-05-07 17:30:39,098 [INFO] ThirdParty:1030 - CMSIS Pack Vendor :STMicroelectronics X-CUBE-SFXS2LP1 4.0.0
2026-05-07 17:30:39,098 [INFO] ThirdParty:1030 - CMSIS Pack Vendor :STMicroelectronics X-CUBE-BLE2 3.3.0
2026-05-07 17:30:39,098 [INFO] ThirdParty:1030 - CMSIS Pack Vendor :Avnet-IOTCONNECT X-CUBE-iotc-st67-sdk 1.0.0
2026-05-07 17:30:39,098 [INFO] ThirdParty:1030 - CMSIS Pack Vendor :STMicroelectronics X-CUBE-TOF1 3.4.3
2026-05-07 17:30:39,098 [INFO] ThirdParty:1030 - CMSIS Pack Vendor :Infineon AIROC-Wi-Fi-Bluetooth-STM32 1.8.0
2026-05-07 17:30:39,098 [INFO] ThirdParty:1030 - CMSIS Pack Vendor :STMicroelectronics PDM2PCM 3.2.0
2026-05-07 17:30:39,098 [INFO] ThirdParty:1030 - CMSIS Pack Vendor :STMicroelectronics X-CUBE-WB05N 2.1.0
2026-05-07 17:30:39,099 [INFO] ThirdParty:841 - exiting critical section [change project]
2026-05-07 17:30:39,447 [INFO] PinOutPanel:1589 - setPackage(No Configuration,No Configuration)
2026-05-07 17:30:39,448 [INFO] PinOutPanel:1589 - setPackage(STM32L432KCUx,UFQFPN32)
2026-05-07 17:30:39,782 [INFO] UtilMem:75 - Before build in PCC Used Memory: 959866920 Bytes (1073741824)
2026-05-07 17:30:40,516 [INFO] UtilMem:75 - After build in PCC Used Memory: 791831272 Bytes (1073741824)
2026-05-07 17:30:40,561 [INFO] IPUIPlugin:80 - create IPUIPlugin
2026-05-07 17:30:40,562 [INFO] IPUIPlugin:80 - create IPUIPlugin
2026-05-07 17:30:40,562 [INFO] IPUIPlugin:80 - create IPUIPlugin
2026-05-07 17:30:40,562 [INFO] IPUIPlugin:80 - create IPUIPlugin
2026-05-07 17:30:40,562 [INFO] IPUIPlugin:80 - create IPUIPlugin
2026-05-07 17:30:40,562 [INFO] IPUIPlugin:80 - create IPUIPlugin
2026-05-07 17:30:40,562 [INFO] IPUIPlugin:80 - create IPUIPlugin
2026-05-07 17:30:40,563 [INFO] IPUIPlugin:80 - create IPUIPlugin
2026-05-07 17:30:40,563 [INFO] IPUIPlugin:80 - create IPUIPlugin
2026-05-07 17:30:40,563 [INFO] IPUIPlugin:80 - create IPUIPlugin
2026-05-07 17:30:40,563 [INFO] IPUIPlugin:80 - create IPUIPlugin
2026-05-07 17:30:40,564 [INFO] IPUIPlugin:80 - create IPUIPlugin
2026-05-07 17:30:40,564 [INFO] IPUIPlugin:80 - create IPUIPlugin
2026-05-07 17:30:40,564 [INFO] IPUIPlugin:80 - create IPUIPlugin
2026-05-07 17:30:40,564 [INFO] IPUIPlugin:80 - create IPUIPlugin
2026-05-07 17:30:40,565 [INFO] IPUIPlugin:80 - create IPUIPlugin
2026-05-07 17:30:40,565 [INFO] IPUIPlugin:80 - create IPUIPlugin
2026-05-07 17:30:40,565 [INFO] IPUIPlugin:80 - create IPUIPlugin
2026-05-07 17:30:40,565 [INFO] IPUIPlugin:80 - create IPUIPlugin
2026-05-07 17:30:40,566 [INFO] IPUIPlugin:80 - create IPUIPlugin
2026-05-07 17:30:40,566 [INFO] IPUIPlugin:80 - create IPUIPlugin
2026-05-07 17:30:40,566 [INFO] IPUIPlugin:80 - create IPUIPlugin
2026-05-07 17:30:40,566 [INFO] IPUIPlugin:80 - create IPUIPlugin
2026-05-07 17:30:40,567 [INFO] IPUIPlugin:80 - create IPUIPlugin
2026-05-07 17:30:40,567 [INFO] IPUIPlugin:80 - create IPUIPlugin
2026-05-07 17:30:40,568 [INFO] IPUIPlugin:80 - create IPUIPlugin
2026-05-07 17:30:40,568 [INFO] IPUIPlugin:80 - create IPUIPlugin
2026-05-07 17:30:40,568 [INFO] IPUIPlugin:80 - create IPUIPlugin
2026-05-07 17:30:40,568 [INFO] IPUIPlugin:80 - create IPUIPlugin
2026-05-07 17:30:40,569 [INFO] IPUIPlugin:80 - create IPUIPlugin
2026-05-07 17:30:40,569 [INFO] IPUIPlugin:80 - create IPUIPlugin
2026-05-07 17:30:40,569 [INFO] IPUIPlugin:80 - create IPUIPlugin
2026-05-07 17:30:40,569 [INFO] IPUIPlugin:80 - create IPUIPlugin
2026-05-07 17:30:40,570 [INFO] IPUIPlugin:80 - create IPUIPlugin
2026-05-07 17:30:40,570 [INFO] IPUIPlugin:80 - create IPUIPlugin
2026-05-07 17:30:40,570 [INFO] IPUIPlugin:80 - create IPUIPlugin
2026-05-07 17:30:40,571 [INFO] IPUIPlugin:80 - create IPUIPlugin
2026-05-07 17:30:40,571 [INFO] IPUIPlugin:80 - create IPUIPlugin
2026-05-07 17:30:40,571 [INFO] IPUIPlugin:80 - create IPUIPlugin
2026-05-07 17:30:40,572 [INFO] IPUIPlugin:80 - create IPUIPlugin
2026-05-07 17:30:40,572 [INFO] IPUIPlugin:80 - create IPUIPlugin
2026-05-07 17:30:40,685 [INFO] CADModel:165 - CPN selected for project levelSTM32L432KCU3
2026-05-07 17:30:40,685 [INFO] CADModel:114 - Register for checkConnection events
2026-05-07 17:30:40,789 [INFO] OpenFileManager:385 - Restore cursor
2026-05-07 17:31:11,244 [ERROR] LogOutputStream:75 - [STDERR_REDIRECT] Exception in thread "AWT-EventQueue-0" java.lang.ClassCastException: class sun.awt.windows.WEmbeddedFrame cannot be cast to class javax.swing.JFrame (sun.awt.windows.WEmbeddedFrame and javax.swing.JFrame are in module java.desktop of loader 'bootstrap')
2026-05-07 17:31:11,256 [ERROR] LogOutputStream:75 - [STDERR_REDIRECT] 	at com.st.microxplorer.plugins.clock.ClockConfigurationView.activatePlugin(ClockConfigurationView.java:425)
2026-05-07 17:31:11,262 [ERROR] LogOutputStream:75 - [STDERR_REDIRECT] 	at com.st.microxplorer.maingui.MainPanel$1.stateChanged(MainPanel.java:382)
2026-05-07 17:31:11,269 [ERROR] LogOutputStream:75 - [STDERR_REDIRECT] 	at java.desktop/javax.swing.JTabbedPane.fireStateChanged(JTabbedPane.java:446)
2026-05-07 17:31:11,275 [ERROR] LogOutputStream:75 - [STDERR_REDIRECT] 	at java.desktop/javax.swing.JTabbedPane$ModelListener.stateChanged(JTabbedPane.java:297)
2026-05-07 17:31:11,282 [ERROR] LogOutputStream:75 - [STDERR_REDIRECT] 	at java.desktop/javax.swing.DefaultSingleSelectionModel.fireStateChanged(DefaultSingleSelectionModel.java:148)
2026-05-07 17:31:11,288 [ERROR] LogOutputStream:75 - [STDERR_REDIRECT] 	at java.desktop/javax.swing.DefaultSingleSelectionModel.setSelectedIndex(DefaultSingleSelectionModel.java:79)
2026-05-07 17:31:11,293 [ERROR] LogOutputStream:75 - [STDERR_REDIRECT] 	at java.desktop/javax.swing.JTabbedPane.setSelectedIndexImpl(JTabbedPane.java:650)
2026-05-07 17:31:11,297 [ERROR] LogOutputStream:75 - [STDERR_REDIRECT] 	at java.desktop/javax.swing.JTabbedPane.setSelectedIndex(JTabbedPane.java:625)
2026-05-07 17:31:11,301 [ERROR] LogOutputStream:75 - [STDERR_REDIRECT] 	at java.desktop/javax.swing.plaf.basic.BasicTabbedPaneUI$Handler.mousePressed(BasicTabbedPaneUI.java:4140)
2026-05-07 17:31:11,305 [ERROR] LogOutputStream:75 - [STDERR_REDIRECT] 	at java.desktop/java.awt.Component.processMouseEvent(Component.java:6618)
2026-05-07 17:31:11,309 [ERROR] LogOutputStream:75 - [STDERR_REDIRECT] 	at java.desktop/javax.swing.JComponent.processMouseEvent(JComponent.java:3398)
2026-05-07 17:31:11,312 [ERROR] LogOutputStream:75 - [STDERR_REDIRECT] 	at java.desktop/java.awt.Component.processEvent(Component.java:6386)
2026-05-07 17:31:11,315 [ERROR] LogOutputStream:75 - [STDERR_REDIRECT] 	at java.desktop/java.awt.Container.processEvent(Container.java:2266)
2026-05-07 17:31:11,319 [ERROR] LogOutputStream:75 - [STDERR_REDIRECT] 	at java.desktop/java.awt.Component.dispatchEventImpl(Component.java:4996)
2026-05-07 17:31:11,322 [ERROR] LogOutputStream:75 - [STDERR_REDIRECT] 	at java.desktop/java.awt.Container.dispatchEventImpl(Container.java:2324)
2026-05-07 17:31:11,324 [ERROR] LogOutputStream:75 - [STDERR_REDIRECT] 	at java.desktop/java.awt.Component.dispatchEvent(Component.java:4828)
2026-05-07 17:31:11,329 [ERROR] LogOutputStream:75 - [STDERR_REDIRECT] 	at java.desktop/java.awt.LightweightDispatcher.retargetMouseEvent(Container.java:4948)
2026-05-07 17:31:11,332 [ERROR] LogOutputStream:75 - [STDERR_REDIRECT] 	at java.desktop/java.awt.LightweightDispatcher.processMouseEvent(Container.java:4572)
2026-05-07 17:31:11,336 [ERROR] LogOutputStream:75 - [STDERR_REDIRECT] 	at java.desktop/java.awt.LightweightDispatcher.dispatchEvent(Container.java:4516)
2026-05-07 17:31:11,338 [ERROR] LogOutputStream:75 - [STDERR_REDIRECT] 	at java.desktop/java.awt.Container.dispatchEventImpl(Container.java:2310)
2026-05-07 17:31:11,341 [ERROR] LogOutputStream:75 - [STDERR_REDIRECT] 	at java.desktop/java.awt.Component.dispatchEvent(Component.java:4828)
2026-05-07 17:31:11,344 [ERROR] LogOutputStream:75 - [STDERR_REDIRECT] 	at java.desktop/java.awt.EventQueue.dispatchEventImpl(EventQueue.java:775)
2026-05-07 17:31:11,346 [ERROR] LogOutputStream:75 - [STDERR_REDIRECT] 	at java.desktop/java.awt.EventQueue$4.run(EventQueue.java:720)
2026-05-07 17:31:11,349 [ERROR] LogOutputStream:75 - [STDERR_REDIRECT] 	at java.desktop/java.awt.EventQueue$4.run(EventQueue.java:714)
2026-05-07 17:31:11,351 [ERROR] LogOutputStream:75 - [STDERR_REDIRECT] 	at java.base/java.security.AccessController.doPrivileged(AccessController.java:400)
2026-05-07 17:31:11,355 [ERROR] LogOutputStream:75 - [STDERR_REDIRECT] 	at java.base/java.security.ProtectionDomain$JavaSecurityAccessImpl.doIntersectionPrivilege(ProtectionDomain.java:87)
2026-05-07 17:31:11,358 [ERROR] LogOutputStream:75 - [STDERR_REDIRECT] 	at java.base/java.security.ProtectionDomain$JavaSecurityAccessImpl.doIntersectionPrivilege(ProtectionDomain.java:98)
2026-05-07 17:31:11,360 [ERROR] LogOutputStream:75 - [STDERR_REDIRECT] 	at java.desktop/java.awt.EventQueue$5.run(EventQueue.java:747)
2026-05-07 17:31:11,362 [ERROR] LogOutputStream:75 - [STDERR_REDIRECT] 	at java.desktop/java.awt.EventQueue$5.run(EventQueue.java:745)
2026-05-07 17:31:11,365 [ERROR] LogOutputStream:75 - [STDERR_REDIRECT] 	at java.base/java.security.AccessController.doPrivileged(AccessController.java:400)
2026-05-07 17:31:11,368 [ERROR] LogOutputStream:75 - [STDERR_REDIRECT] 	at java.base/java.security.ProtectionDomain$JavaSecurityAccessImpl.doIntersectionPrivilege(ProtectionDomain.java:87)
2026-05-07 17:31:11,370 [ERROR] LogOutputStream:75 - [STDERR_REDIRECT] 	at java.desktop/java.awt.EventQueue.dispatchEvent(EventQueue.java:744)
2026-05-07 17:31:11,372 [ERROR] LogOutputStream:75 - [STDERR_REDIRECT] 	at java.desktop/java.awt.EventDispatchThread.pumpOneEventForFilters(EventDispatchThread.java:203)
2026-05-07 17:31:11,376 [ERROR] LogOutputStream:75 - [STDERR_REDIRECT] 	at java.desktop/java.awt.EventDispatchThread.pumpEventsForFilter(EventDispatchThread.java:124)
2026-05-07 17:31:11,378 [ERROR] LogOutputStream:75 - [STDERR_REDIRECT] 	at java.desktop/java.awt.EventDispatchThread.pumpEventsForHierarchy(EventDispatchThread.java:113)
2026-05-07 17:31:11,381 [ERROR] LogOutputStream:75 - [STDERR_REDIRECT] 	at java.desktop/java.awt.EventDispatchThread.pumpEvents(EventDispatchThread.java:109)
2026-05-07 17:31:11,384 [ERROR] LogOutputStream:75 - [STDERR_REDIRECT] 	at java.desktop/java.awt.EventDispatchThread.pumpEvents(EventDispatchThread.java:101)
2026-05-07 17:31:11,386 [ERROR] LogOutputStream:75 - [STDERR_REDIRECT] 	at java.desktop/java.awt.EventDispatchThread.run(EventDispatchThread.java:90)
2026-05-07 17:42:11,227 [INFO] WebApp:194 - Connection lost
2026-05-07 17:42:13,865 [INFO] WebApp:191 - Connection restablished
2026-05-07 17:42:17,272 [INFO] WebApp:194 - Connection lost
2026-05-07 17:42:17,737 [INFO] WebApp:191 - Connection restablished
2026-05-07 17:42:18,964 [INFO] WebApp:194 - Connection lost
2026-05-07 17:42:19,374 [INFO] WebApp:191 - Connection restablished
2026-05-07 17:42:22,197 [INFO] WebApp:194 - Connection lost
2026-05-07 17:42:22,659 [INFO] WebApp:191 - Connection restablished
2026-05-07 17:42:25,451 [INFO] WebApp:194 - Connection lost
2026-05-07 17:42:25,806 [INFO] WebApp:191 - Connection restablished
2026-05-07 17:42:28,170 [INFO] WebApp:194 - Connection lost
2026-05-07 17:42:28,656 [INFO] WebApp:191 - Connection restablished
2026-05-07 17:43:10,116 [INFO] WebApp:194 - Connection lost
2026-05-07 17:43:14,987 [INFO] WebApp:191 - Connection restablished
2026-05-07 19:30:14,039 [INFO] WebApp:194 - Connection lost
2026-05-07 19:30:14,586 [INFO] WebApp:191 - Connection restablished
2026-05-07 19:33:18,972 [INFO] WebApp:194 - Connection lost
2026-05-07 19:33:19,582 [INFO] WebApp:191 - Connection restablished
2026-05-07 19:36:21,977 [INFO] WebApp:194 - Connection lost
2026-05-07 19:36:22,562 [INFO] WebApp:191 - Connection restablished
2026-05-07 19:39:47,145 [ERROR] LogOutputStream:75 - [STDERR_REDIRECT] 
